Customer_ID,Customer_Name,Email,Address_Line_1,City,Country,Postcode
17670-51384-MA,"ALOISIA  ALLNER  ",aallner0@lulu.com,57999 Pepper Wood Alley,Paterson,United States,7505
73342-18763-UW,PIOTR BOTE,pbote1@yelp.com,2112 Ridgeway Hill,Crumlin,Ireland,D6W
21125-22134-PX,JAMI REDHOLES,jredholes2@tmall.com,5214 Bartillon Park,San Antonio,United States,78205
71253-00052-RN,DENE AZEMA,dazema3@facebook.com,27 Maywood Place,Springfield,United States,62711
23806-46781-OU,CHRISTOFFER O' SHEA,NULL,38980 Manitowish Junction,Cill Airne,Ireland,N41
86561-91660-RB,BERYLE COTTIER,NULL,2651 Stoughton Place,Scranton,United States,18505
65223-29612-CB,SHAYLYNN LOBE,slobe6@nifty.com,7005 Mariners Cove Place,Dayton,United States,45440
21134-81676-FR,MELVIN WHARFE,NULL,7 Straubel Road,Kill,Ireland,P24
03396-68805-ZC,GUTHREY PE TRACCI,gpetracci8@livejournal.com,949 Paget Parkway,Los Angeles,United States,90045
61021-27840-ZN,Rodger Raven,rraven9@ed.gov,1 Reinke Avenue,Los Angeles,United States,90065
76239-90137-UQ,Ferrell Ferber,fferbera@businesswire.com,68 High Crossing Court,San Jose,United States,95160
49315-21985-BB,Duky Phizackerly,dphizackerlyb@utexas.edu,28643 Bluejay Crossing,San Jose,United States,95194
34136-36674-OM,Rosaleen Scholar,rscholarc@nyu.edu,80915 Montana Park,Richmond,United States,23285
39396-12890-PE,Terence Vanyutin,tvanyutind@wix.com,331 Bunting Hill,Migrate,United States,41905
95875-73336-RG,Patrice Trobe,ptrobee@wunderground.com,827 Declaration Plaza,Saint Louis,United States,63131
25473-43727-BY,Llywellyn Oscroft,loscroftf@ebay.co.uk,022 Roth Place,Philadelphia,United States,19172
99643-51048-IQ,Minni Alabaster,malabasterg@hexun.com,3 Charing Cross Trail,Portland,United States,97271
62173-15287-CU,R HIANON B ROX UP,rbroxuph@jimdo.com,83517 Thierer Court,Houston,United States,77240
57611-05522-ST,Pall Redford,predfordi@ow.ly,7337 Hayes Junction,Caherconlish,Ireland,F45
76664-37050-DT,Aurea Corradino,acorradinoj@harvard.edu,698 Canary Terrace,New York City,United States,10060
84565-53984-SX,Kendal Scardefield,NULL,3 Northridge Crossing,Clondalkin,Ireland,D24
03090-88267-BQ,Avrit Davidowsky,adavidowskyl@netvibes.com,9 Warrior Junction,Grand Rapids,United States,49560
37651-47492-NC,Annabel Antuk,aantukm@kickstarter.com,77965 Lawn Park,Punta Gorda,United States,33982
95399-57205-HI,Iorgo Kleinert,ikleinertn@timesonline.co.uk,1 Morningstar Lane,Vancouver,United States,98682
24010-66714-HW,Chrisy Blofeld,cblofeldo@amazon.co.uk,013 Talisman Terrace,Englewood,United States,80150
07591-92789-UA,Culley Farris,NULL,4 Mitchell Drive,Punta Gorda,United States,33982
49231-44455-IC,Selene Shales,sshalesq@umich.edu,74 Bultman Plaza,Petaluma,United States,94975
50124-88608-EO,Vivie Danneil,vdanneilr@mtv.com,5626 Darwin Avenue,Tralee,Ireland,V92
00888-74814-UZ,Theresita Newbury,tnewburys@usda.gov,79526 Bultman Lane,Clonskeagh,Ireland,D04
14158-30713-OB,Mozelle Calcutt,mcalcuttt@baidu.com,4389 Russell Way,Rathwire,Ireland,Y25
51427-89175-QJ,Adrian Swaine,NULL,95 Straubel Hill,Aurora,United States,80044
52082-49024-ON,Ray Leivesley,rleivesleyv@canalblog.com,91 Stephen Drive,Jamaica,United States,11407
04540-43685-DV,Nelly Basezzi,nbasezziw@webeden.co.uk,923 Mallard Junction,Bailieborough,Ireland,C15
39123-12846-YJ,Gallard Gatheral,ggatheralx@123-reg.co.uk,40 Clemons Place,Grand Forks,United States,58207
44981-99666-XB,Una Welberry,uwelberryy@ebay.co.uk,40915 Schlimgen Park,Upton,United Kingdom,DN21
24825-51803-CQ,Faber Eilhart,feilhartz@who.int,6966 Victoria Street,Charleston,United States,25362
77634-13918-GJ,Zorina Ponting,zponting10@altervista.org,7118 Holmberg Court,Little Rock,United States,72204
13694-25001-LX,Silvio Strase,sstrase11@booking.com,5 Forest Lane,Denver,United States,80291
08523-01791-TI,Dorie de la Tremoille,dde12@unesco.org,0817 Dennis Street,Minneapolis,United States,55458
49860-68865-AB,Hy Zanetto,NULL,469 Paget Place,Tucson,United States,85715
21240-83132-SP,Jessica McNess,NULL,664 Erie Place,New Orleans,United States,70116
08350-81623-TF,Lorenzo Yeoland,lyeoland15@pbs.org,8510 Merrick Road,Hartford,United States,6183
73284-01385-SJ,Abigail Tolworthy,atolworthy16@toplist.cz,74 Shopko Way,Ogden,United States,84409
04152-34436-IE,Maurie Bartol,NULL,7625 Starling Court,Boston,United States,2216
06631-86965-XP,Olag Baudassi,obaudassi18@seesaa.net,55 Dottie Court,Rochester,United States,14604
54619-08558-ZU,Petey Kingsbury,pkingsbury19@comcast.net,28 Loftsgordon Place,Bronx,United States,10469
85589-17020-CX,Donna Baskeyfied,NULL,7586 Logan Avenue,Birmingham,United States,35205
36078-91009-WU,Arda Curley,acurley1b@hao123.com,45098 Scott Drive,San Bernardino,United States,92415
15770-27099-GX,Raynor McGilvary,rmcgilvary1c@tamu.edu,496 Rockefeller Court,Norfolk,United States,23514
91460-04823-BX,Isis Pikett,ipikett1d@xinhuanet.com,5892 Hauk Drive,Washington,United States,20409
45089-52817-WN,Inger Bouldon,ibouldon1e@gizmodo.com,925 Barby Circle,Fort Lauderdale,United States,33355
76447-50326-IC,Karry Flanders,kflanders1f@over-blog.com,88 Blue Bill Park Avenue,Crumlin,Ireland,D6W
26333-67911-OL,Hartley Mattioli,hmattioli1g@webmd.com,126 Valley Edge Street,Kinloch,United Kingdom,PH43
40768-49176-BL,Horatio Rubberts,hrubberts1h@google.com.hk,459 Russell Center,Provo,United States,84605
22107-86640-SB,Archambault Gillard,agillard1i@issuu.com,97490 Susan Avenue,Toledo,United States,43666
09960-34242-LZ,Salomo Cushworth,NULL,44 Oneill Parkway,Trenton,United States,8650
04671-85591-RT,Theda Grizard,tgrizard1k@odnoklassniki.ru,6 Knutson Pass,Tampa,United States,33686
25729-68859-UA,Rozele Relton,rrelton1l@stanford.edu,2484 Reindahl Court,Pensacola,United States,32590
05501-86351-NX,Willa Rolling,NULL,3 Mockingbird Plaza,Zephyrhills,United States,33543
04521-04300-OK,Stanislaus Gilroy,sgilroy1n@eepurl.com,9120 Harbort Terrace,Saint Paul,United States,55123
58689-55264-VK,Correy Cottingham,ccottingham1o@wikipedia.org,394 Logan Road,Fort Wayne,United States,46862
79436-73011-MM,Pammi Endacott,NULL,5841 Atwood Lane,Wootton,United Kingdom,NN4
65552-60476-KY,Nona Linklater,NULL,856 Bonner Parkway,Naples,United States,34114
69904-02729-YS,Annadiane Dykes,adykes1r@eventbrite.com,31 Northport Terrace,Chicago,United States,60681
01433-04270-AX,Felecia Dodgson,NULL,48053 8th Crossing,Newark,United States,7104
14204-14186-LA,Angelia Cockrem,acockrem1t@engadget.com,1 Sherman Alley,Vienna,United States,22184
32948-34398-HC,Belvia Umpleby,bumpleby1u@soundcloud.com,710 Prairie Rose Terrace,Fort Worth,United States,76178
77343-52608-FF,Nat Saleway,nsaleway1v@dedecms.com,0780 Anthes Plaza,Burbank,United States,91505
42770-36274-QA,Hayward Goulter,hgoulter1w@abc.net.au,2081 Mariners Cove Drive,Kingsport,United States,37665
14103-58987-ZU,Gay Rizzello,grizzello1x@symantec.com,21 Schmedeman Crossing,Liverpool,United Kingdom,L33
69958-32065-SW,Shannon List,slist1y@mapquest.com,7123 Algoma Center,Columbus,United States,43231
69533-84907-FA,Shirlene Edmondson,sedmondson1z@theguardian.com,4752 International Point,Newmarket on Fergus,Ireland,P17
76005-95461-CI,Aurlie McCarl,NULL,731 David Park,New Orleans,United States,70183
15395-90855-VB,Alikee Carryer,NULL,247 Helena Drive,Charlotte,United States,28230
80640-45811-LB,Jennifer Rangall,jrangall22@newsvine.com,0 Grasskamp Lane,Springfield,United States,1114
28476-04082-GR,Kipper Boorn,kboorn23@ezinearticles.com,9513 Meadow Ridge Parkway,Listowel,Ireland,V31
12018-75670-EU,Melania Beadle,NULL,4418 Quincy Terrace,Moycullen,Ireland,A41
86437-17399-FK,Colene Elgey,celgey25@webs.com,45 Marcy Crossing,Midland,United States,79705
62979-53167-ML,Lothaire Mizzi,lmizzi26@rakuten.co.jp,74 Atwood Lane,Dallas,United States,75323
54810-81899-HL,Cletis Giacomazzo,cgiacomazzo27@jigsy.com,817 Ridgeway Hill,Dulles,United States,20189
26103-41504-IB,Ami Arnow,aarnow28@arizona.edu,12 Oakridge Court,Oakland,United States,94627
76534-45229-SG,Sheppard Yann,syann29@senate.gov,4 Farmco Place,Colorado Springs,United States,80930
81744-27332-RR,Bunny Naulls,bnaulls2a@tiny.cc,595 Melby Avenue,Adare,Ireland,H54
91513-75657-PH,Hally Lorait,NULL,80 Jana Avenue,Buffalo,United States,14205
30373-66619-CB,Zaccaria Sherewood,zsherewood2c@apache.org,1325 Jay Terrace,Fresno,United States,93715
31582-23562-FM,Jeffrey Dufaire,jdufaire2d@fc2.com,8 Buell Junction,Fort Worth,United States,76121
58638-01029-CB,Blancha McAmish,bmcamish2e@tripadvisor.com,5484 Stephen Court,Oklahoma City,United States,73179
81431-12577-VD,Beitris Keaveney,bkeaveney2f@netlog.com,67319 Redwing Parkway,Beaumont,United States,77705
68894-91205-MP,Elna Grise,egrise2g@cargocollective.com,92 Becker Circle,Reno,United States,89519
87602-55754-VN,Torie Gottelier,tgottelier2h@vistaprint.com,426 Division Avenue,Kansas City,United States,64136
39181-35745-WH,Loydie Langlais,NULL,290 Ilene Street,Crumlin,Ireland,D6W
30381-64762-NG,Adham Greenhead,agreenhead2j@dailymail.co.uk,0062 Spenser Place,Corona,United States,92878
17503-27693-ZH,Hamish MacSherry,NULL,7 Brentwood Plaza,Austin,United States,78759
89442-35633-HJ,Else Langcaster,elangcaster2l@spotify.com,3658 Jenna Street,Normanton,United Kingdom,LE15
13654-85265-IL,Rudy Farquharson,NULL,30178 Claremont Road,Charlesland,Ireland,A63
40946-22090-FP,Norene Magauran,nmagauran2n@51.la,567 Artisan Place,Fresno,United States,93762
29050-93691-TS,Vicki Kirdsch,vkirdsch2o@google.fr,0263 Golf Street,Saint Louis,United States,63150
64395-74865-WF,Ilysa Whapple,iwhapple2p@com.com,41598 Everett Drive,Fresno,United States,93726
81861-66046-SU,Ruy Cancellieri,NULL,251 Welch Parkway,Confey,Ireland,A86
13366-78506-KP,Aube Follett,NULL,8671 David Park,Columbus,United States,43210
08847-29858-HN,Rudiger Di Bartolomeo,NULL,7700 Melby Park,Stockton,United States,95205
00539-42510-RY,Nickey Youles,nyoules2t@reference.com,12461 Dryden Pass,Edgeworthstown,Ireland,E25
45190-08727-NV,Dyanna Aizikovitz,daizikovitz2u@answers.com,7 Northland Court,Leixlip,Ireland,A86
87049-37901-FU,Bram Revel,brevel2v@fastcompany.com,6168 Westend Plaza,Rochester,United States,14652
34015-31593-JC,Emiline Priddis,epriddis2w@nationalgeographic.com,62 Amoth Terrace,Tuscaloosa,United States,35487
90305-50099-SV,Queenie Veel,qveel2x@jugem.jp,378 Shopko Center,Houston,United States,77260
55871-61935-MF,Lind Conyers,lconyers2y@twitter.com,778 Summer Ridge Junction,El Paso,United States,88514
15405-60469-TM,Pen Wye,pwye2z@dagondesign.com,7 Dorton Terrace,Colorado Springs,United States,80935
06953-94794-FB,Isahella Hagland,NULL,07 Roxbury Street,Fort Wayne,United States,46862
22305-40299-CY,Terry Sheryn,tsheryn31@mtv.com,58147 Eagle Crest Court,Port Washington,United States,11054
09020-56774-GU,Marie-jeanne Redgrave,mredgrave32@cargocollective.com,61022 Helena Street,Springfield,United States,1105
92926-08470-YS,Betty Fominov,bfominov33@yale.edu,305 Tennyson Court,Pensacola,United States,32575
07250-63194-JO,Shawnee Critchlow,scritchlow34@un.org,6886 Oxford Hill,Richmond,United States,23242
63787-96257-TQ,Merrel Steptow,msteptow35@earthlink.net,368 Ridgeview Trail,Cherryville,Ireland,P31
49530-25460-RW,Carmina Hubbuck,NULL,39749 Bobwhite Plaza,Huntington,United States,25705
66508-21373-OQ,Ingeberg Mulliner,imulliner37@pinterest.com,61 Oak Valley Trail,Birmingham,United Kingdom,B40
20203-03950-FY,Geneva Standley,gstandley38@dion.ne.jp,4 Thompson Drive,Killorglin,Ireland,H14
83895-90735-XH,Brook Drage,bdrage39@youku.com,3584 7th Parkway,Dayton,United States,45432
61954-61462-RJ,Muffin Yallop,myallop3a@fema.gov,1 Beilfuss Junction,Anchorage,United States,99507
47939-53158-LS,Cordi Switsur,cswitsur3b@chronoengine.com,57942 North Point,Nashville,United States,37215
38903-46478-ZE,Ezri Hows,ehows3c@devhub.com,343 Burning Wood Court,Los Angeles,United States,90040
76841-77583-BJ,Sylas Becaris,sbecaris3d@google.ru,35407 Tomscot Junction,Charlotte,United States,28289
61513-27752-FA,Mahala Ludwell,mludwell3e@blogger.com,6 Bay Center,Denver,United States,80217
89714-19856-WX,Doll Beauchamp,dbeauchamp3f@usda.gov,0967 Clemons Alley,Stamford,United States,6912
87979-56781-YV,Stanford Rodliff,srodliff3g@ted.com,3 Lerdahl Parkway,Newport News,United States,23605
74126-88836-KA,Stevana Woodham,swoodham3h@businesswire.com,7 Rowland Plaza,Drumcondra,Ireland,D11
37397-05992-VO,Hewet Synnot,hsynnot3i@about.com,9667 Lunder Court,Anchorage,United States,99599
54904-18397-UD,Raleigh Lepere,rlepere3j@shop-pro.jp,27 Mosinee Court,Beaumont,Ireland,D17
19017-95853-EK,Timofei Woofinden,twoofinden3k@businesswire.com,1 Pennsylvania Center,Fargo,United States,58122
88593-59934-VU,Evelina Dacca,edacca3l@google.pl,83150 Dixon Park,Evansville,United States,47737
47493-68564-YM,Bidget Tremellier,NULL,5 Sunfield Parkway,Cherryville,Ireland,P31
82246-82543-DW,Bobinette Hindsberg,bhindsberg3n@blogs.com,7 Brickson Park Road,Charlotte,United States,28210
03384-62101-IY,Osbert Robins,orobins3o@salon.com,42557 Fallview Plaza,Huntsville,United States,35815
86881-41559-OR,Othello Syseland,osyseland3p@independent.co.uk,957 Sachtjen Road,Santa Ana,United States,92725
02536-18494-AQ,Ewell Hanby,NULL,903 Oak Center,Washington,United States,20520
29732-74147-HX,Chalmers Havenhand,chavenhand3r@1688.com,8 Morningstar Plaza,Macroom,Ireland,P12
90312-11148-LA,Lowell Keenleyside,lkeenleyside3s@topsy.com,6 Hauk Junction,Saint Louis,United States,63131
68239-74809-TF,Elonore Joliffe,NULL,7077 School Crossing,Bailieborough,Ireland,C15
91074-60023-IP,Abraham Coleman,NULL,40 Packers Alley,Honolulu,United States,96805
07972-83748-JI,Rivy Farington,NULL,54400 Brickson Park Center,Corona,United States,92878
08694-57330-XR,Vallie Kundt,vkundt3w@bigcartel.com,3 Porter Hill,Ballivor,Ireland,D17
68412-11126-YJ,Boyd Bett,bbett3x@google.de,353 Maple Wood Avenue,Washington,United States,20520
69037-66822-DW,Julio Armytage,NULL,782 Spaight Center,Portumna,Ireland,V31
01297-94364-XH,Deana Staite,dstaite3z@scientificamerican.com,39 Dunning Hill,Houston,United States,77281
39919-06540-ZI,Winn Keyse,wkeyse40@apple.com,02688 Duke Park,Orange,United States,92668
60512-78550-WS,Osmund Clausen-Thue,oclausenthue41@marriott.com,2163 Dexter Hill,El Paso,United States,88553
40172-12000-AU,Leonore Francisco,lfrancisco42@fema.gov,48757 Bay Parkway,Carson City,United States,89714
42394-07234-AM,Adey Lowseley,alowseley43@timesonline.co.uk,01 Alpine Center,Fort Worth,United States,76105
39019-13649-CL,Giacobo Skingle,gskingle44@clickbank.net,61617 Roth Street,Provo,United States,84605
12715-05198-QU,Gerard Pirdy,NULL,74 Becker Lane,Boca Raton,United States,33487
04513-76520-QO,Jacinthe Balsillie,jbalsillie46@princeton.edu,2 Heffernan Center,Roanoke,United States,24040
88446-59251-SQ,Quinton Fouracres,NULL,53 New Castle Point,Des Moines,United States,50369
23779-10274-KN,Bettina Leffek,bleffek48@ning.com,0688 Burning Wood Point,Honolulu,United States,96805
57235-92842-DK,Hetti Penson,NULL,16 Dottie Point,Fort Lauderdale,United States,33345
75977-30364-AY,Jocko Pray,jpray4a@youtube.com,7764 Thackeray Hill,Philadelphia,United States,19172
12299-30914-NG,Grete Holborn,gholborn4b@ow.ly,124 Sycamore Point,Norwalk,United States,6854
59971-35626-YJ,Fielding Keinrat,fkeinrat4c@dailymail.co.uk,99382 Hagan Hill,Arlington,United States,76011
15380-76513-PS,Paulo Yea,pyea4d@aol.com,9760 Nelson Lane,Ashford,Ireland,H12
73564-98204-EY,Say Risborough,NULL,57914 Brentwood Junction,Chattanooga,United States,37416
72282-40594-RX,Alexa Sizey,NULL,198 Lighthouse Bay Avenue,Portland,United States,97296
17514-94165-RJ,Kari Swede,kswede4g@addthis.com,94 Pleasure Circle,Oklahoma City,United States,73135
56248-75861-JX,Leontine Rubrow,lrubrow4h@microsoft.com,352 Jana Center,Washington,United States,20520
97855-54761-IS,Dottie Tift,dtift4i@netvibes.com,581 Forest Run Avenue,Greensboro,United States,27415
96544-91644-IT,Gerardo Schonfeld,gschonfeld4j@oracle.com,60 Spohn Plaza,Alexandria,United States,22313
51971-70393-QM,CLAIBORNE FEYE,cfeye4k@google.co.jp,601 Northridge Circle,Castlebridge,Ireland,R14
06812-11924-IK,MINA ELSTONE,NULL,6 Manley Plaza,Racine,United States,53405
59741-90220-OW,SHERMAN MEWRCIK,NULL,44305 Scofield Park,Clearwater,United States,34629
62682-27930-PD,TAMARAH FERO,tfero4n@comsenz.com,6 Fisk Street,Racine,United States,53405
00256-19905-YG,STANISLAUS VALSLER,NULL,95 Southridge Alley,Castlebridge,Ireland,R14
38890-22576-UI,FELITA DAUNEY,fdauney4p@sphinn.com,22484 Tomscot Lane,Castlebellingham,Ireland,Y34
94573-61802-PH,SERENA EARLEY,searley4q@youku.com,66197 Onsgard Place,Craigavon,United Kingdom,BT66
86447-02699-UT,MINNY CHAMBERLAYNE,mchamberlayne4r@bigcartel.com,1 Ridgeview Place,Tampa,United States,33686
51432-27169-KN,BARTHOLEMY FLAHERTY,bflaherty4s@moonfruit.com,045 Jana Place,Eadestown,Ireland,A86
43074-00987-PB,ORAN COLBECK,ocolbeck4t@sina.com.cn,8984 Moulton Hill,Montgomery,United States,36195
04739-85772-QT,Elysee Sketch,NULL,2 Gina Drive,Sparks,United States,89436
28279-78469-YW,Ethelda Hobbing,ehobbing4v@nsw.gov.au,1 Debs Place,Macon,United States,31205
91829-99544-DS,Odille Thynne,othynne4w@auda.org.au,26 Oakridge Way,Whittier,United States,90605
38978-59582-JP,Emlynne Heining,eheining4x@flickr.com,439 West Point,Johnson City,United States,37605
86504-96610-BH,Katerina Melloi,kmelloi4y@imdb.com,1930 Haas Way,Rochester,United States,14614
75986-98864-EZ,Tiffany Scardafield,NULL,69737 Hanover Center,Portarlington,Ireland,R21
66776-88682-RG,Abrahan Mussen,amussen50@51.la,22974 Beilfuss Plaza,Brooklyn,United States,11254
33284-98063-SE,Essie Nellies,enellies51@goodreads.com,9 Hallows Trail,Springfield,United States,1114
85851-78384-DM,Anny Mundford,amundford52@nbcnews.com,5097 Mitchell Plaza,Charlottesville,United States,22908
55232-81621-BX,Tory Walas,twalas53@google.ca,2673 Everett Place,Garland,United States,75044
80310-92912-JA,Isa Blazewicz,iblazewicz54@thetimes.co.uk,4646 Graceland Circle,Minneapolis,United States,55448
19821-05175-WZ,Angie Rizzetti,arizzetti55@naver.com,24 Mendota Junction,Lansing,United States,48919
01338-83217-GV,Mord Meriet,mmeriet56@noaa.gov,56000 Kedzie Alley,Grand Forks,United States,58207
66044-25298-TA,Lawrence Pratt,lpratt57@netvibes.com,57 Monterey Avenue,Anchorage,United States,99522
28728-47861-TZ,Astrix Kitchingham,akitchingham58@com.com,716 Shoshone Point,Oklahoma City,United States,73129
32638-38620-AX,Burnard Bartholin,bbartholin59@xinhuanet.com,19600 Scofield Trail,Tulsa,United States,74103
83163-65741-IH,Madelene Prinn,mprinn5a@usa.gov,39 Dahle Road,Detroit,United States,48211
89422-58281-FD,Alisun Baudino,abaudino5b@netvibes.com,07 Charing Cross Circle,Washington,United States,20436
76293-30918-DQ,Philipa Petrushanko,ppetrushanko5c@blinklist.com,08 Laurel Trail,Nenagh,Ireland,E45
86779-84838-EJ,Kimberli Mustchin,NULL,0043 Arkansas Court,Mesa,United States,85215
66806-41795-MX,Emlynne Laird,elaird5e@bing.com,43451 Doe Crossing Trail,Warren,United States,44485
64875-71224-UI,Marlena Howsden,mhowsden5f@infoseek.co.jp,0410 Autumn Leaf Drive,Memphis,United States,38150
16982-35708-BZ,Nealson Cuttler,ncuttler5g@parallels.com,1 Melvin Circle,Washington,United States,20535
62425-26461-RK,Crin Vernham,cvernham5h@e-recht24.de,96312 Michigan Parkway,Muff,Ireland,R32
71468-76923-BU,Jenn Munnings,jmunnings5i@springer.com,7 Merchant Point,Pompano Beach,United States,33064
23014-48364-QB,Olympie Dautry,odautry5j@etsy.com,9015 Anzinger Point,Chicago,United States,60604
92588-14671-JM,Ingaborg Dunwoody,idunwoody5k@sourceforge.net,687 Ruskin Center,East End,United Kingdom,BH21
66708-26678-QK,Adriana Lazarus,NULL,9429 Porter Circle,Ogden,United States,84409
08743-09057-OO,Tallie felip,tfelip5m@typepad.com,9 Roth Point,Albany,United States,12205
37490-01572-JW,Vanna Le - Count,vle5n@disqus.com,69128 Ronald Regan Road,Spartanburg,United States,29305
01811-60350-CU,Sarette Ducarel,NULL,04922 Colorado Street,Staten Island,United States,10310
24766-58139-GT,Kendra Glison,NULL,1 Kipling Lane,Washington,United States,20337
90123-70970-NY,Nertie Poolman,npoolman5q@howstuffworks.com,356 Service Way,Charlotte,United States,28225
93809-05424-MG,Orbadiah Duny,oduny5r@constantcontact.com,62772 Arkansas Pass,Lubbock,United States,79491
85425-33494-HQ,Constance Halfhide,chalfhide5s@google.ru,75275 Sunnyside Center,Fermoy,Ireland,P61
54387-64897-XC,Fransisco Malecky,fmalecky5t@list-manage.com,11 Dakota Lane,Whitwell,United Kingdom,DL10
01035-70465-UO,Anselma Attwater,aattwater5u@wikia.com,72 Maryland Terrace,Charlottesville,United States,22908
84260-39432-ML,Minette Whellans,mwhellans5v@mapquest.com,3 High Crossing Way,New York City,United States,10105
69779-40609-RS,Dael Camilletti,dcamilletti5w@businesswire.com,782 American Terrace,Roanoke,United States,24009
80247-70000-HT,Emiline Galgey,egalgey5x@wufoo.com,6 Park Meadow Plaza,New York City,United States,10009
35058-04550-VC,Murdock Hame,mhame5y@newsvine.com,0 Burning Wood Drive,Balally,Ireland,D04
27226-53717-SY,Ilka Gurnee,igurnee5z@usnews.com,1 Troy Circle,Salt Lake City,United States,84120
02002-98725-CH,Alfy Snowding,asnowding60@comsenz.com,1691 Comanche Lane,Toledo,United States,43635
38487-01549-MV,Godfry Poinsett,gpoinsett61@berkeley.edu,75026 Monica Parkway,Pasadena,United States,91131
98573-41811-EQ,Rem Furman,rfurman62@t.co,91239 Ilene Hill,Kinsale,Ireland,P17
72463-75685-MV,Charis Crosier,ccrosier63@xrea.com,54506 Arapahoe Center,Lees Summit,United States,64082
14797-35530-HY,Monte Percifull,mpercifull64@netlog.com,7 Stoughton Hill,Fort Worth,United States,76121
10225-91535-AI,Lenka Rushmer,lrushmer65@europa.eu,70379 Canary Plaza,Irvine,United States,92619
48090-06534-HI,Waneta Edinborough,wedinborough66@github.io,1 Golden Leaf Hill,Hicksville,United States,11854
80444-58185-FX,Bobbe Piggott,NULL,812 Erie Court,Washington,United States,20546
13561-92774-WP,Ketty Bromehead,kbromehead68@un.org,69 Birchwood Place,New York City,United States,10060
11550-78378-GE,Elsbeth Westerman,ewesterman69@si.edu,7 Packers Court,Newmarket on Fergus,Ireland,P17
90961-35603-RP,Anabelle Hutchens,ahutchens6a@amazonaws.com,8 Russell Plaza,Shawnee Mission,United States,66276
57145-03803-ZL,Noak Wyvill,nwyvill6b@naver.com,47 Declaration Alley,Edinburgh,United Kingdom,EH9
89115-11966-VF,Beltran Mathon,bmathon6c@barnesandnoble.com,6131 Huxley Pass,Sacramento,United States,94291
05754-41702-FG,Kristos Streight,kstreight6d@about.com,5 Anderson Court,Wilkes Barre,United States,18706
84269-49816-ML,Portie Cutchie,pcutchie6e@globo.com,5 Esch Parkway,Greensboro,United States,27499
23600-98432-ME,Sinclare Edsell,NULL,226 Harper Place,Newark,United States,19725
79058-02767-CP,Conny Gheraldi,cgheraldi6g@opera.com,28998 Cottonwood Point,Kinloch,United Kingdom,PH43
89208-74646-UK,Beryle Kenwell,bkenwell6h@over-blog.com,62 Dayton Drive,Honolulu,United States,96825
11408-81032-UR,Tomas Sutty,tsutty6i@google.es,736 Mosinee Court,New York City,United States,10150
32070-55528-UG,Samuele Ales0,NULL,0023 Westport Terrace,Ballinroad,Ireland,D07
48873-84433-PN,Carlie Harce,charce6k@cafepress.com,8 Melrose Center,D煤n Laoghaire,Ireland,A96
32928-18158-OW,Craggy Bril,NULL,955 Ridge Oak Street,Cincinnati,United States,45218
89711-56688-GG,Friederike Drysdale,fdrysdale6m@symantec.com,0229 Hovde Hill,Midland,United States,48670
48389-71976-JB,Devon Magowan,dmagowan6n@fc2.com,42 Sloan Way,Cheyenne,United States,82007
84033-80762-EQ,Codi Littrell,NULL,3 Colorado Lane,Atlanta,United States,31119
12743-00952-KO,Christel Speak,NULL,8 Crowley Place,Duluth,United States,30096
41505-42181-EF,Sibella Rushbrooke,srushbrooke6q@youku.com,00901 Marquette Plaza,Sacramento,United States,94250
14307-87663-KB,Tammie Drynan,tdrynan6r@deviantart.com,5776 Coleman Circle,Tampa,United States,33661
08360-19442-GB,Effie Yurkov,eyurkov6s@hud.gov,970 Northport Pass,Honolulu,United States,96805
93405-51204-UW,Lexie Mallan,lmallan6t@state.gov,43 Longview Center,Baton Rouge,United States,70820
97152-03355-IW,Georgena Bentjens,gbentjens6u@netlog.com,4738 Bashford Crossing,Newbiggin,United Kingdom,NE46
79216-73157-TE,Delmar Beasant,NULL,856 Colorado Way,Kilkenny,Ireland,R95
20259-47723-AC,Lyn Entwistle,lentwistle6w@omniture.com,54 Canary Terrace,Minneapolis,United States,55458
04947-41413-JP,Stuart Lafee,NULL,259 Lake View Parkway,San Francisco,United States,94159
08909-77713-CG,Mercedes Acott,macott6y@pagesperso-orange.fr,37340 Lerdahl Avenue,Charlotte,United States,28225
84340-73931-VV,Connor Heaviside,cheaviside6z@rediff.com,941 Graceland Terrace,Phoenix,United States,85099
04609-95151-XH,Devy Bulbrook,NULL,567 Farmco Hill,Jamaica,United States,11407
99562-88650-YF,Leia Kernan,lkernan71@wsj.com,76 Briar Crest Avenue,Champaign,United States,61825
46560-73885-PJ,Rosaline McLae,rmclae72@dailymotion.com,1065 Myrtle Center,Swindon,United Kingdom,SN1
80179-44620-WN,Cleve Blowfelde,cblowfelde73@ustream.tv,72657 Shelley Alley,Tucson,United States,85715
04666-71569-RI,Zacharias Kiffe,zkiffe74@cyberchimps.com,32764 Buell Pass,Milwaukee,United States,53205
59081-87231-VP,Denyse O'Calleran,docalleran75@ucla.edu,6384 Darwin Avenue,Pompano Beach,United States,33064
07878-45872-CC,Cobby Cromwell,ccromwell76@desdev.cn,45604 Bunker Hill Court,Whittier,United States,90610
12444-05174-OO,Irv Hay,ihay77@lulu.com,667 Florence Drive,Sheffield,United Kingdom,S33
34665-62561-AU,Tani Taffarello,ttaffarello78@sciencedaily.com,26 Linden Center,Saint Louis,United States,63180
77877-11993-QH,Monique Canty,mcanty79@jigsy.com,21342 Schiller Parkway,Erie,United States,16522
32291-18308-YZ,Javier Kopke,jkopke7a@auda.org.au,04 Hanson Junction,Tacoma,United States,98464
25754-33191-ZI,Mar McIver,NULL,6 Carberry Pass,Richmond,United States,23277
53120-45532-KL,Arabella Fransewich,NULL,675 Ruskin Road,Kinsealy-Drinan,Ireland,D17
36605-83052-WB,Violette Hellmore,vhellmore7d@bbc.co.uk,87597 Butternut Alley,Little Rock,United States,72204
53683-35977-KI,Myles Seawright,mseawright7e@nbcnews.com,5021 Summit Drive,Newton,United Kingdom,NG34
07972-83134-NM,Silvana Northeast,snortheast7f@mashable.com,4306 Northfield Place,Sparks,United States,89436
23229-79220-TE,Annecorinne Leehane,NULL,722 Marcy Plaza,Bryan,United States,77806
25514-23938-IQ,Monica Fearon,mfearon7h@reverbnation.com,41524 Mandrake Center,Denton,United States,76210
49084-44492-OJ,Barney Chisnell,NULL,5915 Hallows Court,Tullamore,Ireland,R35
76624-72205-CK,Jasper Sisneros,jsisneros7j@a8.net,38 Dryden Plaza,Raleigh,United States,27635
12729-50170-JE,Zachariah Carlson,zcarlson7k@bigcartel.com,4825 Bowman Crossing,Shankill,Ireland,A98
43974-44760-QI,Warner Maddox,wmaddox7l@timesonline.co.uk,6223 North Hill,New York City,United States,10105
30585-48726-BK,Donnie Hedlestone,dhedlestone7m@craigslist.org,02670 Superior Way,Stamford,United States,6905
16123-07017-TY,Teddi Crowthe,tcrowthe7n@europa.eu,7 Eastlawn Alley,Toledo,United States,43666
27723-45097-MH,Dorelia Bury,dbury7o@tinyurl.com,305 Holy Cross Way,Castleblayney,Ireland,A75
37078-56703-AF,Gussy Broadbear,gbroadbear7p@omniture.com,0 Manitowish Hill,Columbia,United States,65211
79420-11075-MY,Emlynne Palfrey,epalfrey7q@devhub.com,2793 Vera Point,Fort Wayne,United States,46852
57504-13456-UO,Parsifal Metrick,pmetrick7r@rakuten.co.jp,091 Old Gate Road,Saint Louis,United States,63143
53751-57560-CN,Christopher Grieveson,NULL,91 Old Gate Road,Portland,United States,97211
96112-42558-EA,Karlan Karby,kkarby7t@sbwire.com,4 Linden Park,Boulder,United States,80305
03157-23165-UB,Flory Crumpe,fcrumpe7u@ftc.gov,1 Hanover Terrace,Norton,United Kingdom,NN11
51466-52850-AG,Amity Chatto,achatto7v@sakura.ne.jp,2 Morrow Hill,Sheffield,United Kingdom,S33
57145-31023-FK,Nanine McCarthy,NULL,27 Pine View Crossing,Louisville,United States,40298
66408-53777-VE,Lyndsey Megany,NULL,7536 Homewood Place,Buffalo,United States,14276
53035-99701-WG,Byram Mergue,bmergue7y@umn.edu,801 Sloan Plaza,Canton,United States,44710
45899-92796-EI,Kerr Patise,kpatise7z@jigsy.com,2469 Hayes Lane,Boston,United States,2114
17649-28133-PY,Mathew Goulter,NULL,3 Sunfield Terrace,Kinlough,Ireland,F94
49612-33852-CN,Marris Grcic,NULL,758 Acker Point,Lynchburg,United States,24515
66976-43829-YG,Domeniga Duke,dduke82@vkontakte.ru,472 Mosinee Crossing,Los Angeles,United States,90071
64852-04619-XZ,Violante Skouling,NULL,9366 Bunting Center,Drumcondra,Ireland,D11
58690-31815-VY,Isidore Hussey,ihussey84@mapy.cz,641 Birchwood Place,Birmingham,United States,35236
62863-81239-DT,Cassie Pinkerton,cpinkerton85@upenn.edu,5205 Graceland Point,Alexandria,United States,22309
21177-40725-CF,Micki Fero,NULL,9 Burrows Way,Danbury,United States,6816
99421-80253-UI,Cybill Graddell,NULL,8 Reindahl Alley,Albany,United States,12205
45315-50206-DK,Dorian Vizor,dvizor88@furl.net,6023 Novick Parkway,Naples,United States,34108
09595-95726-OV,Eddi Sedgebeer,esedgebeer89@oaic.gov.au,9715 Shopko Hill,Miami Beach,United States,33141
60221-67036-TD,Ken Lestrange,klestrange8a@lulu.com,1961 Sage Way,Atlanta,United States,30358
62923-29397-KX,Lacee Tanti,ltanti8b@techcrunch.com,29668 Bashford Trail,Corpus Christi,United States,78405
33011-52383-BA,Arel De Lasci,ade8c@1und1.de,80254 Cherokee Alley,Honolulu,United States,96835
86768-91598-FA,Trescha Jedrachowicz,tjedrachowicz8d@acquirethisname.com,4019 Hagan Plaza,Austin,United States,78737
37191-12203-MX,Perkin Stonner,pstonner8e@moonfruit.com,09771 Rigney Center,Baltimore,United States,21290
16545-76328-JY,Darrin Tingly,dtingly8f@goo.ne.jp,6094 Dawn Junction,Lexington,United States,40596
32177-42200-TP,Rhodie Whife,rwhife8g@360.cn,2241 Kim Trail,Joliet,United States,60435
22349-47389-GY,Benn Checci,bchecci8h@usa.gov,88 West Avenue,Eaton,United Kingdom,DN22
70290-38099-GB,Janifer Bagot,jbagot8i@mac.com,8580 Autumn Leaf Trail,Lincoln,United States,68505
18741-72071-PP,Ermin Beeble,ebeeble8j@soundcloud.com,14777 Leroy Avenue,Cincinnati,United States,45254
62588-82624-II,Cos Fluin,cfluin8k@flickr.com,88 Jenna Point,Sheffield,United Kingdom,S33
37430-29579-HD,Eveleen Bletsor,ebletsor8l@vinaora.com,9076 Manley Center,West Hartford,United States,6127
84132-22322-QT,Paola Brydell,pbrydell8m@bloglovin.com,826 Judy Alley,Listowel,Ireland,V31
74330-29286-RO,Claudetta Rushe,crushe8n@about.me,7 Corben Plaza,Charlotte,United States,28299
37445-17791-NQ,Natka Leethem,nleethem8o@mac.com,12 Stone Corner Avenue,Alexandria,United States,71307
58511-10548-ZU,Ailene Nesfield,anesfield8p@people.com.cn,59 Rieder Lane,Belfast,United Kingdom,BT2
47725-34771-FJ,Stacy Pickworth,NULL,81014 Delladonna Terrace,Las Vegas,United States,89115
53086-67334-KT,Melli Brockway,mbrockway8r@ibm.com,0528 Thackeray Pass,Des Moines,United States,50369
83308-82257-UN,Nanny Lush,nlush8s@dedecms.com,1 Annamark Drive,Ballivor,Ireland,D17
37274-08534-FM,Selma McMillian,smcmillian8t@csmonitor.com,6404 Heffernan Junction,Akron,United States,44315
54004-04664-AA,Tess Bennison,tbennison8u@google.cn,00225 Fieldstone Center,West Palm Beach,United States,33405
26822-19510-SD,Gabie Tweed,gtweed8v@yolasite.com,0 Fairview Lane,Fresno,United States,93715
37916-57149-GE,Freddie Cusick,fcusick8w@hatena.ne.jp,1 Steensland Drive,Iowa City,United States,52245
06432-73165-ML,Gaile Goggin,ggoggin8x@wix.com,654 Mandrake Plaza,Sandyford,Ireland,D04
96503-31833-CW,Skylar Jeyness,sjeyness8y@biglobe.ne.jp,43 Fremont Point,Dublin,Ireland,D04
63985-64148-MG,Donica Bonhome,dbonhome8z@shinystat.com,73509 Victoria Junction,Knoxville,United States,37924
19597-91185-CM,Diena Peetermann,NULL,05926 Northfield Parkway,Shawnee Mission,United States,66276
79814-23626-JR,Trina Le Sarr,tle91@epa.gov,96 Rigney Trail,San Francisco,United States,94132
43439-94003-DW,Flynn Antony,NULL,5678 Doe Crossing Junction,Birmingham,United States,35244
97655-45555-LI,Baudoin Alldridge,balldridge93@yandex.ru,14 Oriole Hill,Brooklyn,United States,11215
64418-01720-VW,Homer Dulany,NULL,1988 Autumn Leaf Crossing,El Paso,United States,79934
96836-09258-RI,Lisa Goodger,lgoodger95@guardian.co.uk,86634 Nova Plaza,Sacramento,United States,94250
33622-01348-PF,Fiorenze Drogan,fdrogan96@gnu.org,70193 Sunfield Circle,Washington,United States,20220
69529-07533-CV,Corine Drewett,cdrewett97@wikipedia.org,1881 Elgar Parkway,Boynton Beach,United States,33436
94840-49457-UD,Quinn Parsons,qparsons98@blogtalkradio.com,47 Farwell Park,Los Angeles,United States,90094
81414-81273-DK,Vivyan Ceely,vceely99@auda.org.au,080 Stoughton Hill,Baltimore,United States,21275
76930-61689-CH,Elonore Goodings,NULL,7 Grim Point,Salt Lake City,United States,84125
12839-56537-TQ,Clement Vasiliev,cvasiliev9b@discuz.net,49 Eliot Alley,Garland,United States,75049
62741-01322-HU,Terencio O'Moylan,tomoylan9c@liveinternet.ru,19 Kings Pass,Church End,United Kingdom,CB4
34104-15243-UX,Jeddy Vanyarkin,NULL,90 Fieldstone Way,Columbus,United States,43240
44932-34838-RM,Wyatan Fetherston,wfetherston9e@constantcontact.com,74 Morning Avenue,New York City,United States,10184
91181-19412-RQ,Emmaline Rasmus,erasmus9f@techcrunch.com,045 Jackson Junction,Boston,United States,2216
37182-54930-XC,Wesley Giorgioni,wgiorgioni9g@wikipedia.org,45 Trailsway Avenue,San Francisco,United States,94132
08613-17327-XT,Lucienne Scargle,lscargle9h@myspace.com,62 Pepper Wood Plaza,Indianapolis,United States,46295
40507-83899-MR,Christy Franseco,cfranseco9i@phoca.cz,59947 Nobel Park,Jacksonville,United States,32209
70451-38048-AH,Noam Climance,nclimance9j@europa.eu,34 Orin Crossing,Seattle,United States,98148
35442-75769-PL,Catarina Donn,NULL,74 Logan Avenue,Dunmanway,Ireland,P47
83737-56117-JE,Ameline Snazle,asnazle9l@oracle.com,246 Katie Terrace,Montgomery,United States,36109
07095-81281-NJ,Rebeka Worg,rworg9m@arstechnica.com,8753 Texas Court,Dallas,United States,75372
77043-48851-HG,Lewes Danes,ldanes9n@umn.edu,37 Graedel Court,Topeka,United States,66622
78224-60622-KH,Shelli Keynd,skeynd9o@narod.ru,9 Iowa Court,Tyler,United States,75799
83105-86631-IU,Dell Daveridge,ddaveridge9p@arstechnica.com,09652 Crowley Lane,Los Angeles,United States,90065
99358-65399-TC,Joshuah Awdry,jawdry9q@utexas.edu,7961 Blackbird Road,Shreveport,United States,71137
94525-76037-JP,Ethel Ryles,eryles9r@fastcompany.com,8 Schurz Place,Boise,United States,83722
91336-36621-RB,Selie Baulcombe,sbaulcombe9s@dropbox.com,21543 Bluejay Court,San Bernardino,United States,92415
82718-93677-XO,Maitilde Boxill,NULL,65 Cardinal Plaza,Montgomery,United States,36177
44708-78241-DF,Jodee Caldicott,jcaldicott9u@usda.gov,2690 Oak Way,Fort Pierce,United States,34981
23039-93032-FN,Marianna Vedmore,mvedmore9v@a8.net,368 Waubesa Way,Greensboro,United States,27415
35256-12529-FT,Willey Romao,wromao9w@chronoengine.com,013 Vernon Way,Sacramento,United States,94237
86100-33488-WP,Enriqueta Ixor,NULL,068 Meadow Ridge Lane,Round Rock,United States,78682
64435-53100-WM,Tomasina Cotmore,tcotmore9y@amazonaws.com,2146 Helena Court,Reston,United States,22096
44699-43836-UH,Yuma Skipsey,yskipsey9z@spotify.com,321 Killdeer Center,Charlton,United Kingdom,OX12
29588-35679-RG,Nicko Corps,ncorpsa0@gmpg.org,119 Iowa Plaza,Columbia,United States,29220
09003-89770-JO,Christabel Rubury,cruburya1@geocities.jp,8895 Spaight Circle,Nashville,United States,37215
64815-54078-HH,Feliks Babber,fbabbera2@stanford.edu,18 Helena Trail,Phoenix,United States,85025
59572-41990-XY,Kaja Loxton,kloxtona3@opensource.org,8477 East Trail,Miami,United States,33233
32481-61533-ZJ,Parker Tofful,ptoffula4@posterous.com,97465 Almo Alley,Fresno,United States,93762
31587-92570-HL,Casi Gwinnett,cgwinnetta5@behance.net,0 Elgar Parkway,Anaheim,United States,92825
93832-04799-ID,Saree Ellesworth,NULL,715 Oxford Lane,Newport News,United States,23605
59367-30821-ZQ,Silvio Iorizzi,NULL,5 Dwight Plaza,Spartanburg,United States,29305
83947-45528-ET,Leesa Flaonier,lflaoniera8@wordpress.org,25 Saint Paul Drive,Staten Island,United States,10305
60799-92593-CX,Abba Pummell,NULL,3 Service Pass,Las Vegas,United States,89115
61600-55136-UM,Corinna Catcheside,ccatchesideaa@macromedia.com,8 Kim Street,Salt Lake City,United States,84105
59771-90302-OF,Cortney Gibbonson,cgibbonsonab@accuweather.com,861 David Crossing,Seattle,United States,98109
16880-78077-FB,Terri Farra,tfarraac@behance.net,06448 Burrows Terrace,Odessa,United States,79764
74415-50873-FC,Corney Curme,NULL,0535 Michigan Plaza,Castleknock,Ireland,K78
31798-95707-NR,Gothart Bamfield,gbamfieldae@yellowpages.com,41203 Vernon Street,Irving,United States,75037
59122-08794-WT,Waylin Hollingdale,whollingdaleaf@about.me,3 Heath Trail,Dayton,United States,45426
37238-52421-JJ,Judd De Leek,jdeag@xrea.com,90 Saint Paul Plaza,Grand Rapids,United States,49560
48854-01899-FN,Vanya Skullet,vskulletah@tinyurl.com,4 Grim Road,Balally,Ireland,D04
80896-38819-DW,Jany Rudeforth,jrudeforthai@wunderground.com,614 Commercial Center,Tullyallen,Ireland,E25
29814-01459-RC,Ashbey Tomaszewski,atomaszewskiaj@answers.com,7685 Oxford Crossing,Sutton,United Kingdom,CT15
21815-71230-UT,Fanni Marti,fmartiak@stumbleupon.com,160 Ruskin Park,Springfield,United States,62756
48497-29281-FE,Pren Bess,pbessal@qq.com,36559 Sommers Parkway,Los Angeles,United States,90010
43605-12616-YH,Elka Windress,ewindressam@marketwatch.com,78 Anderson Alley,Baltimore,United States,21239
21907-75962-VB,Marty Kidstoun,NULL,4 Sundown Circle,Harrisburg,United States,17126
69503-12127-YD,Nickey Dimbleby,NULL,525 Warner Hill,Dallas,United States,75216
68810-07329-EU,Virgil Baumadier,vbaumadierap@google.cn,89508 Atwood Way,Kansas City,United States,64125
08478-75251-OG,Lenore Messenbird,NULL,7881 Dahle Center,Springfield,United States,62723
17005-82030-EA,Shirleen Welds,sweldsar@wired.com,002 Summer Ridge Terrace,New Haven,United States,6510
42179-95059-DO,Maisie Sarvar,msarvaras@artisteer.com,83 Saint Paul Drive,Lawrenceville,United States,30045
55989-39849-WO,Andrej Havick,ahavickat@nsw.gov.au,720 Pennsylvania Pass,Asheville,United States,28805
28932-49296-TM,Sloan Diviny,sdivinyau@ask.com,3904 Birchwood Terrace,Saint Paul,United States,55123
86144-10144-CB,Itch Norquoy,inorquoyav@businessweek.com,1 Welch Court,Minneapolis,United States,55458
60973-72562-DQ,Anson Iddison,aiddisonaw@usa.gov,8 Steensland Junction,Santa Ana,United States,92725
94341-60520-PF,Dov Sprosson,dsprossonax@wunderground.com,7 Anzinger Drive,Hagerstown,United States,21747
11263-86515-VU,Randal Longfield,rlongfielday@bluehost.com,513 Commercial Avenue,Minneapolis,United States,55458
60004-62976-NI,Gregorius Kislingbury,gkislingburyaz@samsung.com,4 Jenifer Street,Washington,United States,20420
77876-28498-HI,Xenos Gibbons,xgibbonsb0@artisteer.com,002 7th Junction,San Bernardino,United States,92415
61302-06948-EH,Fleur Parres,fparresb1@imageshack.us,641 Steensland Pass,Rochester,United States,14609
06757-96251-UH,Gran Sibray,gsibrayb2@wsj.com,5018 Iowa Pass,Vancouver,United States,98664
44530-75983-OD,Ingelbert Hotchkin,ihotchkinb3@mit.edu,322 Basil Pass,Preston,United Kingdom,PR1
44865-58249-RY,Neely Broadberrie,nbroadberrieb4@gnu.org,8571 Buena Vista Junction,Washington,United States,20057
36021-61205-DF,Rutger Pithcock,rpithcockb5@yellowbook.com,2425 Corben Street,Knoxville,United States,37924
75716-12782-SS,Gale Croysdale,gcroysdaleb6@nih.gov,1657 Delladonna Hill,Charleston,United States,25336
11812-00461-KH,Benedetto Gozzett,bgozzettb7@github.com,0389 Hintze Pass,Dallas,United States,75372
46681-78850-ZW,Tania Craggs,tcraggsb8@house.gov,0 Eagan Parkway,Whitegate,Ireland,D15
01932-87052-KO,Leonie Cullrford,lcullrfordb9@xing.com,71 Sycamore Crossing,Chico,United States,95973
16046-34805-ZF,Auguste Rizon,arizonba@xing.com,19 Merrick Pass,Little Rock,United States,72215
34546-70516-LR,Lorin Guerrazzi,NULL,8244 La Follette Street,Balrothery,Ireland,K32
73699-93557-FZ,Felice Miell,fmiellbc@spiegel.de,35 Hoepker Pass,New Brunswick,United States,8922
86686-37462-CK,Hamish Skeech,NULL,5662 Messerschmidt Lane,Valleymount,Ireland,A83
14298-02150-KH,Giordano Lorenzin,NULL,577 Roth Pass,San Francisco,United States,94132
48675-07824-HJ,Harwilll Bishell,NULL,7960 Roth Center,Lafayette,United States,70505
18551-80943-YQ,Freeland Missenden,NULL,1 Randy Place,San Diego,United States,92191
19196-09748-DB,Waylan Springall,wspringallbh@jugem.jp,99 Schurz Pass,Alhambra,United States,91841
72233-08665-IP,Kiri Avramow,NULL,2443 Bluejay Alley,Tyler,United States,75799
53817-13148-RK,Gregg Hawkyens,ghawkyensbj@census.gov,48 Vidon Street,Lafayette,United States,70593
92227-49331-QR,Reggis Pracy,NULL,33211 Pleasure Circle,Dayton,United States,45426
12997-41076-FQ,Paula Denis,NULL,74 Texas Road,Phoenix,United States,85072
44220-00348-MB,Broderick McGilvra,bmcgilvrabm@so-net.ne.jp,880 Mockingbird Plaza,Sacramento,United States,94263
93047-98331-DD,Annabella Danzey,adanzeybn@github.com,5692 Eastwood Hill,Lincoln,United States,68505
83537-35563-UF,Anthia McKeller,amckellerbo@ning.com,0 Debra Crossing,Harrisburg,United States,17126
01881-40815-VO,Faith Powley,fpowleybp@dyndns.org,3 Talisman Hill,New Orleans,United States,70174
67285-75317-XI,Nevins Glowacz,NULL,8103 Maywood Center,Madison,United States,53726
88167-57964-PH,Adelice Isabell,NULL,93 Hintze Point,Charleston,United States,25336
16106-36039-QS,Yulma Dombrell,ydombrellbs@dedecms.com,83 Sunbrook Lane,Little Rock,United States,72204
98921-82417-GN,Alric Darth,adarthbt@t.co,86 Pawling Court,Anchorage,United States,99507
55265-75151-AK,Manuel Darrigoe,mdarrigoebu@hud.gov,744 Prairie Rose Court,Longwood,Ireland,D02
47386-50743-FG,Kynthia Berick,NULL,1678 Armistice Alley,San Francisco,United States,94110
32622-54551-UC,Minetta Ackrill,mackrillbw@bandcamp.com,4 Arizona Road,Warren,United States,44485
61516-88984-DK,Maximo Bricksey,mbrickseybx@youku.com,0082 Hooker Drive,Chesapeake,United States,23324
48419-02347-XP,Melosa Kippen,mkippenby@dion.ne.jp,87 Brentwood Hill,Jackson,United States,39236
14121-20527-OJ,Witty Ranson,wransonbz@ted.com,012 Debra Center,Kildare,Ireland,R51
53486-73919-BQ,Rod Gowdie,NULL,7 Hansons Trail,Milwaukee,United States,53277
21889-94615-WT,Lemuel Rignold,lrignoldc1@miibeian.gov.cn,15027 Mcbride Pass,Sacramento,United States,94250
87726-16941-QW,Nevsa Fields,NULL,09 Lotheville Place,Boston,United States,2298
03677-09134-BC,Chance Rowthorn,crowthornc3@msn.com,320 Rockefeller Alley,Topeka,United States,66622
93224-71517-WV,Orly Ryland,orylandc4@deviantart.com,3513 Burning Wood Way,Fargo,United States,58122
76263-95145-GJ,Willabella Abramski,NULL,40 Jenifer Alley,Houston,United States,77095
48314-32864-VI,Brandy Lottrington,blottringtonc6@redcross.org,6 Ilene Hill,Oklahoma City,United States,73190
70624-19112-AO,Chickie Ragless,craglessc7@webmd.com,98053 Elmside Drive,Caherconlish,Ireland,F45
58916-61837-QH,Freda Hollows,fhollowsc8@blogtalkradio.com,353 Portage Center,Buffalo,United States,14205
89292-52335-YZ,Livy Lathleiff,llathleiffc9@nationalgeographic.com,0671 Scoville Way,Shankill,Ireland,A98
77284-34297-YY,Koralle Heads,kheadsca@jalbum.net,2 Cherokee Hill,Bethlehem,United States,18018
50449-80974-BZ,Theo Bowne,tbownecb@unicef.org,79 Prairieview Point,Watergrasshill,Ireland,T56
08120-16183-AW,Rasia Jacquemard,rjacquemardcc@acquirethisname.com,415 Fremont Junction,Monasterevin,Ireland,W34
68044-89277-ML,Kizzie Warman,kwarmancd@printfriendly.com,67365 Homewood Center,Sandyford,Ireland,D04
71364-35210-HS,Wain Cholomin,wcholomince@about.com,566 Arrowood Way,Birmingham,United Kingdom,B12
37177-68797-ON,Arleen Braidman,abraidmancf@census.gov,4 Golf View Hill,Phoenix,United States,85099
60308-06944-GS,Pru Durban,pdurbancg@symantec.com,2 Forest Street,Longford,Ireland,N39
49888-39458-PF,Antone Harrold,aharroldch@miibeian.gov.cn,90 Kensington Road,Toledo,United States,43610
60748-46813-DZ,Sim Pamphilon,spamphilonci@mlb.com,36194 Susan Street,Ballylinan,Ireland,P56
16385-11286-NX,Mohandis Spurden,mspurdencj@exblog.jp,55290 Manufacturers Lane,Charlotte,United States,28210
68555-89840-GZ,Morgen Seson,msesonck@census.gov,92847 Schlimgen Road,Seattle,United States,98109
72164-90254-EJ,Nalani Pirrone,npirronecl@weibo.com,1585 Bashford Center,Wilkes Barre,United States,18706
67010-92988-CT,Reube Cawley,rcawleycm@yellowbook.com,54210 Eagan Avenue,Ballyboden,Ireland,D6W
15776-91507-GT,Stan Barribal,sbarribalcn@microsoft.com,6743 Cascade Drive,Bagenalstown,Ireland,R21
23473-41001-CD,Agnes Adamides,aadamidesco@bizjournals.com,6338 Arkansas Drive,Liverpool,United Kingdom,L74
23446-47798-ID,Carmelita Thowes,cthowescp@craigslist.org,33398 Hallows Circle,Rochester,United States,14652
28327-84469-ND,Rodolfo Willoway,rwillowaycq@admin.ch,58 Schlimgen Parkway,Tucson,United States,85754
42466-87067-DT,Alvis Elwin,aelwincr@privacy.gov.au,26 Everett Hill,Minneapolis,United States,55480
62246-99443-HF,Araldo Bilbrook,abilbrookcs@booking.com,4 Raven Alley,Ashbourne,Ireland,A84
99869-55718-UU,Ransell McKall,rmckallct@sakura.ne.jp,451 Nevada Terrace,Bristol,United Kingdom,BS41
77421-46059-RY,Borg Daile,bdailecu@vistaprint.com,385 Corben Parkway,Atlanta,United States,31119
49894-06550-OQ,Adolphe Treherne,atrehernecv@state.tx.us,66 Sundown Place,Farranacoush,Ireland,P81
72028-63343-SU,Annetta Brentnall,abrentnallcw@biglobe.ne.jp,00 Ludington Pass,East End,United Kingdom,BH21
10074-20104-NN,Dick Drinkall,ddrinkallcx@psu.edu,82460 Grover Parkway,Knoxville,United States,37939
71769-10219-IM,Dagny Kornel,dkornelcy@cyberchimps.com,60360 Killdeer Alley,Saginaw,United States,48604
22221-71106-JD,Rhona Lequeux,rlequeuxcz@newyorker.com,093 Mayfield Place,Saint Augustine,United States,32092
99735-44927-OL,Julius Mccaull,jmccaulld0@parallels.com,89 Gulseth Circle,San Rafael,United States,94913
27064-10803-SB,Jolyn Dymoke,jdymoked1@mapquest.com,2 Aberg Lane,San Jose,United States,95113
90440-62727-HI,Alberto Hutchinson,ahutchinsond2@imgur.com,327 Erie Way,Lawrenceville,United States,30045
36769-16558-SX,Lamond Gheeraert,NULL,02354 Melvin Parkway,Topeka,United States,66622
10138-31681-SD,Roxine Drivers,rdriversd4@hexun.com,842 Cardinal Court,Shawnee Mission,United States,66276
24669-76297-SF,Heloise Zeal,hzeald5@google.de,0420 Schurz Parkway,Seattle,United States,98148
78050-20355-DI,Granger Smallcombe,gsmallcombed6@ucla.edu,8448 Oxford Trail,Kilkenny,Ireland,R95
79825-17822-UH,Daryn Dibley,ddibleyd7@feedburner.com,5676 Southridge Street,Kissimmee,United States,34745
03990-21586-MQ,Gardy Dimitriou,gdimitrioud8@chronoengine.com,0 Gale Pass,Rochester,United States,14683
27493-46921-TZ,Fanny Flanagan,fflanagand9@woothemes.com,268 Northport Drive,Tyler,United States,75799
27132-68907-RC,Ailey Brash,abrashda@plala.or.jp,64700 Eagan Crossing,Flushing,United States,11388
21565-13068-SH,Tatiana Thorn,NULL,30943 High Crossing Point,Sterling,United States,20167
04776-34127-MX,Wendeline McInerney,wmcinerneydc@wordpress.com,92 Swallow Street,Richmond,United States,23203
58816-74064-TF,Nanny Izhakov,nizhakovdd@aol.com,013 Tennyson Terrace,Seaton,United Kingdom,LE15
09818-59895-EH,Stanly Keets,skeetsde@answers.com,2500 Crest Line Plaza,Alexandria,United States,22309
06488-46303-IZ,Orion Dyott,NULL,26 Londonderry Court,Salt Lake City,United States,84115
93046-67561-AY,Keefer Cake,kcakedg@huffingtonpost.com,1 Crowley Crossing,San Jose,United States,95108
68946-40750-LK,Morna Hansed,mhanseddh@instagram.com,1 Dwight Point,Tr谩 Mh贸r,Ireland,R93
38387-64959-WW,Franny Kienlein,fkienleindi@trellian.com,1 Manitowish Pass,Coolock,Ireland,D17
48418-60841-CC,Klarika Egglestone,kegglestonedj@sphinn.com,2765 Sunfield Terrace,Coolock,Ireland,D17
13736-92418-JS,Becky Semkins,bsemkinsdk@unc.edu,7219 Clemons Place,Kinnegad,Ireland,R32
33000-22405-LO,Sean Lorenzetti,slorenzettidl@is.gd,1104 Paget Lane,El Paso,United States,79945
46959-60474-LT,Bob Giannazzi,bgiannazzidm@apple.com,57 Division Plaza,Fort Lauderdale,United States,33355
73431-39823-UP,Kendra Backshell,NULL,47101 Northfield Lane,Indianapolis,United States,46295
90993-98984-JK,Uriah Lethbrig,ulethbrigdo@hc360.com,38 Carioca Center,Milwaukee,United States,53234
06552-04430-AG,Sky Farnish,sfarnishdp@dmoz.org,170 Prentice Center,Eaton,United Kingdom,DN22
54597-57004-QM,Felicia Jecock,fjecockdq@unicef.org,403 Vahlen Junction,Baton Rouge,United States,70836
50238-24377-ZS,Currey MacAllister,NULL,07300 Walton Point,Danbury,United States,6816
60370-41934-IF,Hamlen Pallister,hpallisterds@ning.com,19513 Golf Course Junction,Pensacola,United States,32590
06899-54551-EH,Chantal Mersh,cmershdt@drupal.org,52843 Longview Street,Milltown,Ireland,D04
71631-11462-TH,Brendin Bredee,bbredeedu@flickr.com,2 Nancy Lane,Norton,United Kingdom,NN11
80463-43913-WZ,Malynda Purbrick,NULL,9233 3rd Avenue,Balally,Ireland,D04
67204-04870-LG,Alf Housaman,NULL,8581 Mcguire Road,Grand Rapids,United States,49518
22721-63196-UJ,Gladi Ducker,gduckerdx@patch.com,5069 Boyd Parkway,Belfast,United Kingdom,BT2
88973-59503-DR,Emelita Shearsby,eshearsbydy@g.co,56612 Dahle Circle,Kansas City,United States,66160
29738-86305-ZU,Berte Gaddes,NULL,904 Killdeer Place,Elmira,United States,14905
68493-99734-LP,Nadia Erswell,nerswelle0@mlb.com,2973 Sachtjen Road,Milwaukee,United States,53205
55515-37571-RS,Wain Stearley,wstearleye1@census.gov,7 La Follette Road,High Point,United States,27264
25598-77476-CB,Diane-marie Wincer,dwincere2@marriott.com,04 Stuart Way,El Paso,United States,88546
14888-85625-TM,Perry Lyfield,plyfielde3@baidu.com,1263 Thackeray Parkway,Cleveland,United States,44185
92793-68332-NR,Heall Perris,hperrise4@studiopress.com,043 Bashford Point,Ballymahon,Ireland,F52
66458-91190-YC,Marja Urion,murione5@alexa.com,2 Sycamore Avenue,Virginia,Ireland,D18
64439-27325-LG,Camellia Kid,ckide6@narod.ru,37515 Wayridge Lane,Whitegate,Ireland,D15
78570-76770-LB,Carolann Beine,cbeinee7@xinhuanet.com,81 West Plaza,Birmingham,United States,35244
98661-69719-VI,Celia Bakeup,cbakeupe8@globo.com,73 Bellgrove Circle,Saint Cloud,United States,56372
82990-92703-IX,Nataniel Helkin,nhelkine9@example.com,9 Loftsgordon Pass,Philadelphia,United States,19191
49412-86877-VY,Pippo Witherington,pwitheringtonea@networkadvertising.org,63 School Crossing,Detroit,United States,48211
70879-00984-FJ,Tildie Tilzey,ttilzeyeb@hostgator.com,2812 Westend Hill,Saint Louis,United States,63180
53414-73391-CR,Cindra Burling,NULL,5461 Anniversary Crossing,Schenectady,United States,12305
43606-83072-OA,Channa Belamy,NULL,14 American Ash Parkway,Lakeland,United States,33805
84466-22864-CE,Karl Imorts,kimortsee@alexa.com,250 Elmside Junction,Melbourne,United States,32941
44086-16292-EU,Philippine Starte,pstarteef@accuweather.com,2904 Monterey Plaza,Houston,United States,77075
76499-89100-JQ,Mag Armistead,marmisteadeg@blogtalkradio.com,805 Kenwood Plaza,New Orleans,United States,70179
15451-65859-BG,Janela Lemerle,jlemerleeh@ustream.tv,1 Myrtle Hill,Oklahoma City,United States,73142
39582-35773-ZJ,Vasili Upstone,vupstoneei@google.pl,7 Dunning Trail,Topeka,United States,66617
66240-46962-IO,Berty Beelby,bbeelbyej@rediff.com,844 Sachs Avenue,Lucan,Ireland,K78
10637-45522-ID,Erny Stenyng,NULL,8 Pond Parkway,Springfield,United States,62723
92599-58687-CS,Edin Yantsurev,NULL,208 Main Park,Camden,United States,8104
06058-48844-PI,Webb Speechly,wspeechlyem@amazon.com,5 Helena Center,Seattle,United States,98185
53631-24432-SY,Irvine Phillpot,iphillpoten@buzzfeed.com,07208 Eastlawn Drive,Wootton,United Kingdom,NN4
18275-73980-KL,Lem Pennacci,lpennaccieo@statcounter.com,23 Kinsman Way,Waco,United States,76711
23187-65750-HZ,Starr Arpin,sarpinep@moonfruit.com,12 Bobwhite Road,Richmond,United States,23242
22725-79522-GP,Donny Fries,dfrieseq@cargocollective.com,404 Granby Trail,Toledo,United States,43610
06279-72603-JE,Rana Sharer,rsharerer@flavors.me,0 Granby Parkway,Huntington,United States,25705
83543-79246-ON,Nannie Naseby,nnasebyes@umich.edu,84666 Melvin Street,Winter Haven,United States,33884
66794-66795-VW,Rea Offell,NULL,3356 Ruskin Way,Dallas,United States,75323
95424-67020-AP,Kris O'Cullen,koculleneu@ca.gov,39 Chinook Crossing,Adare,Ireland,H54
73017-69644-MS,Timoteo Glisane,NULL,2 Coolidge Crossing,Ballivor,Ireland,D17
59361-00606-CU,Wyatan Cokly,wcoklyew@acquirethisname.com,51 Browning Park,Columbus,United States,43231
67423-10113-LM,Hildegarde Brangan,hbranganex@woothemes.com,5 Pleasure Junction,Evansville,United States,47747
48582-05061-RY,Amii Gallyon,agallyoney@engadget.com,229 Spohn Center,Naperville,United States,60567
32031-49093-KE,Birgit Domange,bdomangeez@yahoo.co.jp,5 Sherman Drive,Charleston,United States,29424
31715-98714-OO,Killian Osler,koslerf0@gmpg.org,81 Stuart Street,Lansing,United States,48930
73759-17258-KA,Lora Dukes,NULL,4 Lakewood Gardens Lane,Boyle,Ireland,F52
64897-79178-MH,Zack Pellett,zpellettf2@dailymotion.com,0 Lukken Court,Shreveport,United States,71115
73346-85564-JB,Ilaire Sprakes,isprakesf3@spiegel.de,1969 Lakeland Avenue,San Jose,United States,95194
07476-13102-NJ,Heda Fromant,hfromantf4@ucsd.edu,3341 Cascade Park,Philadelphia,United States,19104
87223-37422-SK,Rufus Flear,rflearf5@artisteer.com,30 Mayer Terrace,Sheffield,United Kingdom,S33
57837-15577-YK,Dom Milella,NULL,87 Cascade Crossing,Manorhamilton,Ireland,H16
64247-71448-NK,Almire MacAless,NULL,897 Del Mar Center,Baltimore,United States,21229
73647-66148-VM,Bette-ann Munden,bmundenf8@elpais.com,465 Oxford Street,Oklahoma City,United States,73119
10142-55267-YO,Wilek Lightollers,wlightollersf9@baidu.com,8 Sunnyside Lane,New York City,United States,10060
92976-19453-DT,Nick Brakespear,nbrakespearfa@rediff.com,2 Jenna Hill,Newark,United States,7112
89757-51438-HX,Malynda Glawsop,mglawsopfb@reverbnation.com,682 Express Court,New Haven,United States,6510
76192-13390-HZ,Granville Alberts,galbertsfc@etsy.com,0 Pierstorff Center,Belfast,United Kingdom,BT2
02009-87294-SY,Vasily Polglase,vpolglasefd@about.me,63 Maryland Trail,Toledo,United States,43610
82872-34456-LJ,Madelaine Sharples,NULL,0 Mayfield Avenue,Newton,United Kingdom,IV1
13181-04387-LI,Sigfrid Busch,sbuschff@so-net.ne.jp,6666 Express Pass,Bantry,Ireland,P75
24845-36117-TI,Cissiee Raisbeck,craisbeckfg@webnode.com,8026 Nobel Parkway,Shreveport,United States,71161
30256-29772-KK,Leslie Laughton,NULL,79 Acker Point,Orlando,United States,32835
86646-65810-TD,Kenton Wetherick,NULL,6976 Knutson Lane,Lexington,United States,40515
59480-02795-IU,Reamonn Aynold,raynoldfj@ustream.tv,0380 Orin Road,Milwaukee,United States,53263
61809-87758-LJ,Hatty Dovydenas,NULL,227 Huxley Hill,Amarillo,United States,79176
77408-43873-RS,Nathaniel Bloxland,NULL,04385 Tony Alley,Daingean,Ireland,E91
18366-65239-WF,Brendan Grece,bgrecefm@naver.com,5 Butterfield Plaza,Halton,United Kingdom,LS9
11107-57605-HS,Steffie Maddrell,smaddrellfn@123-reg.co.uk,39 Shasta Way,Atlanta,United States,30323
72072-33025-SD,Abbe Thys,athysfo@cdc.gov,847 Sloan Parkway,Knoxville,United States,37924
58118-22461-GC,Jackquelin Chugg,jchuggfp@about.me,973 Kings Hill,Shawnee Mission,United States,66225
90940-63327-DJ,Audra Kelston,akelstonfq@sakura.ne.jp,9522 Oak Valley Way,Fort Lauderdale,United States,33330
64481-42546-II,Elvina Angel,NULL,4 Hanson Parkway,Tralee,Ireland,V92
27536-28463-NJ,Claiborne Mottram,cmottramfs@harvard.edu,5 Monument Point,Austin,United States,78715
66005-20240-MI,Dilly Marrison,dmarrisonft@geocities.jp,23 Hallows Plaza,Cleveland,United States,44105
70140-82812-KD,Donalt Sangwin,dsangwinfu@weebly.com,47 Granby Junction,Hyattsville,United States,20784
91895-55605-LS,Elizabet Aizikowitz,eaizikowitzfv@virginia.edu,7835 Namekagon Alley,Ashley,United Kingdom,SN13
43155-71724-XP,Herbie Peppard,NULL,2 International Lane,Pasadena,United States,91103
32038-81174-JF,Cornie Venour,cvenourfx@ask.com,90 Commercial Pass,Shreveport,United States,71161
59205-20324-NB,Maggy Harby,mharbyfy@163.com,69 Jackson Junction,Pensacola,United States,32590
99899-54612-NX,Reggie Thickpenny,rthickpennyfz@cafepress.com,791 School Center,Los Angeles,United States,90035
26248-84194-FI,Phyllys Ormerod,pormerodg0@redcross.org,04 Arrowood Court,Durham,United States,27705
19485-98072-PS,Don Flintiff,dflintiffg1@e-recht24.de,7 Helena Junction,London,United Kingdom,WC1B
84493-71314-WX,Tymon Zanetti,tzanettig2@gravatar.com,561 Cherokee Trail,Loughrea,Ireland,H62
09530-56210-WO,Bili Follet,bfolletg3@a8.net,91 Darwin Circle,Daingean,Ireland,E91
39789-43945-IV,Reinaldos Kirtley,rkirtleyg4@hatena.ne.jp,6356 Di Loreto Road,Whittier,United States,90605
38972-89678-ZM,Carney Clemencet,cclemencetg5@weather.com,09240 Arkansas Point,Birmingham,United Kingdom,B40
91465-84526-IJ,Russell Donet,rdonetg6@oakley.com,1 Petterle Terrace,Richmond,United States,23237
22832-98538-RB,Sidney Gawen,sgaweng7@creativecommons.org,9231 Stang Drive,Sterling,United States,20167
30844-91890-ZA,Rickey Readie,rreadieg8@guardian.co.uk,8 Everett Court,Carson City,United States,89706
64328-37891-JA,Conchita Dietzler,cdietzlerg9@goo.gl,1 Thierer Parkway,Ashford,Ireland,H12
88992-49081-AT,Zilvia Claisse,NULL,529 Judy Circle,Saint Paul,United States,55123
10204-31464-SA,Bar O' Mahony,bogb@elpais.com,478 Harper Junction,Huntsville,United States,35895
75156-80911-YT,Valenka Stansbury,vstansburygc@unblog.fr,10283 Ramsey Hill,El Paso,United States,88553
53971-49906-PZ,Daniel Heinonen,dheinonengd@printfriendly.com,715 Kropf Hill,Decatur,United States,30033
10728-17633-ST,Jewelle Shenton,jshentonge@google.com.hk,46367 Waubesa Hill,Orange,United States,92668
13549-65017-VE,Jennifer Wilkisson,jwilkissongf@nba.com,26051 Golf Course Road,Huntington Beach,United States,92648
87688-42420-TO,Kylie Mowat,NULL,06512 Shopko Court,Milwaukee,United States,53285
05325-97750-WP,Cody Verissimo,cverissimogh@theglobeandmail.com,18 Bluestem Avenue,Upton,United Kingdom,DN21
51901-35210-UI,Gabriel Starcks,gstarcksgi@abc.net.au,5 Northland Alley,Chattanooga,United States,37416
62483-50867-OM,Darby Dummer,NULL,6664 Huxley Place,Manchester,United Kingdom,M14
92753-50029-SD,Kienan Scholard,kscholardgk@sbwire.com,47910 Longview Place,Columbus,United States,43268
53809-98498-SN,Bo Kindley,bkindleygl@wikimedia.org,2 Village Plaza,Pasadena,United States,91186
66308-13503-KD,Krissie Hammett,khammettgm@dmoz.org,798 Grover Lane,San Francisco,United States,94159
82458-87830-JE,Alisha Hulburt,ahulburtgn@fda.gov,7997 Artisan Crossing,Shreveport,United States,71137
41611-34336-WT,Peyter Lauritzen,plauritzengo@photobucket.com,833 Monument Circle,Philadelphia,United States,19141
70089-27418-UJ,Aurelia Burgwin,aburgwingp@redcross.org,0 Amoth Alley,Migrate,United States,41905
99978-56910-BN,Emalee Rolin,erolingq@google.fr,2 Merry Center,Toledo,United States,43666
09668-23340-IC,Donavon Fowle,dfowlegr@epa.gov,1 Mockingbird Trail,Colorado Springs,United States,80945
39457-62611-YK,Jorge Bettison,NULL,3336 Lien Plaza,Longwood,Ireland,D02
90985-89807-RW,Wang Powlesland,wpowleslandgt@soundcloud.com,2 Novick Junction,Pittsburgh,United States,15274
73171-33001-FC,Brendin Peattie,bpeattiegu@imgur.com,4135 Burrows Court,West Palm Beach,United States,33411
17816-67941-ZS,Laurence Ellingham,lellinghamgv@sciencedaily.com,4286 Kingsford Crossing,Shreveport,United States,71115
90816-65619-LM,Billy Neiland,NULL,02971 Alpine Court,Cleveland,United States,44105
69761-61146-KD,Ancell Fendt,afendtgx@forbes.com,6 Rutledge Trail,Milwaukee,United States,53234
24040-20817-QB,Angelia Cleyburn,acleyburngy@lycos.com,45127 Melvin Avenue,Fort Lauderdale,United States,33345
19524-21432-XP,Temple Castiglione,tcastiglionegz@xing.com,0915 Novick Avenue,Shreveport,United States,71105
14398-43114-RV,Betti Lacasa,NULL,4 Lindbergh Trail,Beaumont,Ireland,D17
41486-52502-QQ,Gunilla Lynch,NULL,9945 Eagan Circle,Sacramento,United States,94207
62762-19458-UY,Vita Pummery,NULL,999 Sachtjen Avenue,Nashville,United States,37240
20236-64364-QL,Shay Couronne,scouronneh3@mozilla.org,67 David Lane,Fargo,United States,58122
29102-40100-TZ,Linus Flippelli,lflippellih4@github.io,3657 International Terrace,Middleton,United Kingdom,LE16
09171-42203-EB,Rachelle Elizabeth,relizabethh5@live.com,2668 Dixon Plaza,Tulsa,United States,74184
29060-75856-UI,Innis Renhard,irenhardh6@i2i.jp,73184 Fieldstone Junction,New York City,United States,10045
17088-16989-PL,Winne Roche,wrocheh7@xinhuanet.com,378 Scofield Place,Seminole,United States,34642
94022-69223-DP,Josy Bus,jbush8@guardian.co.uk,548 Melvin Pass,Monasterevin,Ireland,W34
13324-78688-MI,Cordy Odgaard,codgaardh9@nsw.gov.au,5 Florence Court,Portland,United States,97296
73799-04749-BM,Bertine Byrd,bbyrdha@4shared.com,3482 Morning Circle,Las Vegas,United States,89115
01927-46702-YT,Nelie Garnson,NULL,821 Annamark Park,Merton,United Kingdom,SW19
80467-17137-TO,Dianne Chardin,dchardinhc@nhs.uk,6495 Warrior Point,Ballybofey,Ireland,V23
14640-87215-BK,Hailee Radbone,hradbonehd@newsvine.com,265 Maple Parkway,San Francisco,United States,94159
94447-35885-HK,Wallis Bernth,wbernthhe@miitbeian.gov.cn,5 Ramsey Plaza,Pittsburgh,United States,15274
71034-49694-CS,Byron Acarson,bacarsonhf@cnn.com,0 Bay Center,Houston,United States,77281
00445-42781-KX,Faunie Brigham,fbrighamhg@blog.com,7246 Green Pass,Castlerea,Ireland,F45
14756-18321-CL,Linn Alaway,lalawayhh@weather.com,5602 Florence Avenue,Fort Lauderdale,United States,33345
37997-75562-PI,Cami Meir,cmeirhi@cnet.com,02 Rutledge Road,Denton,United States,76210
69981-85767-RP,Marcie Aingell,maingellhj@nasa.gov,1274 Prairieview Drive,Bagenalstown,Ireland,R21
96116-24737-LV,Marjorie Yoxen,myoxenhk@google.com,84 Oak Valley Drive,Los Angeles,United States,90005
18684-73088-YL,Gaspar McGavin,gmcgavinhl@histats.com,573 Anhalt Park,Wilkes Barre,United States,18706
74671-55639-TU,Lindy Uttermare,luttermarehm@engadget.com,77 Lake View Road,Denton,United States,76205
17488-65879-XL,Eal D'Ambrogio,edambrogiohn@techcrunch.com,32 Darwin Court,Lees Summit,United States,64082
46431-09298-OU,Carolee Winchcombe,cwinchcombeho@jiathis.com,687 Bluestem Point,Little Rock,United States,72209
60378-26473-FE,Benedikta Paumier,bpaumierhp@umn.edu,319 Carioca Alley,Ballisodare,Ireland,E45
34927-68586-ZV,Neville Piatto,NULL,118 Vermont Junction,Daingean,Ireland,E91
29051-27555-GD,Jeno Capey,jcapeyhr@bravesites.com,9 Evergreen Circle,Erie,United States,16534
05503-73375-RU,Carmella Bruffell,NULL,996 Meadow Valley Point,Newton,United Kingdom,NG34
64918-67725-MN,Yardley Basill,ybasillht@theguardian.com,10675 Loomis Place,Pittsburgh,United States,15255
85634-61759-ND,Maggy Baistow,mbaistowhu@i2i.jp,9531 Dexter Drive,Ford,United Kingdom,GL54
40180-22940-QB,Courtney Pallant,cpallanthv@typepad.com,117 American Ash Crossing,Dallas,United States,75260
34666-76738-SQ,Marne Mingey,NULL,7 South Parkway,Miami,United States,33233
98536-88616-FF,Denny O' Ronan,dohx@redcross.org,92 Kingsford Court,San Angelo,United States,76905
55621-06130-SA,Dottie Rallin,drallinhy@howstuffworks.com,13617 Harbort Lane,Albany,United States,12205
45666-86771-EH,Ardith Chill,achillhz@epa.gov,677 Bartillon Avenue,Thorpe,United Kingdom,BD23
52143-35672-JF,Tuckie Mathonnet,tmathonneti0@google.co.jp,407 Roth Circle,Columbus,United States,43240
24689-69376-XX,Charmane Denys,cdenysi1@is.gd,480 Shopko Street,Carlton,United Kingdom,DL8
71891-51101-VQ,Cecily Stebbings,cstebbingsi2@drupal.org,6 Green Ridge Drive,Corona,United States,92883
71749-05400-CN,Giana Tonnesen,NULL,041 Lighthouse Bay Center,Washington,United States,20436
64845-00270-NO,Rhetta Zywicki,rzywickii4@ifeng.com,18 Ruskin Plaza,Ballinteer,Ireland,D6W
29851-36402-UX,Almeria Burgett,aburgetti5@moonfruit.com,50879 Reindahl Road,Toledo,United States,43610
12190-25421-WM,Marvin Malloy,mmalloyi6@seattletimes.com,2 Ohio Drive,Washington,United States,20088
52316-30571-GD,Maxim McParland,mmcparlandi7@w3.org,17 Valley Edge Terrace,Cedar Rapids,United States,52405
23243-92649-RY,Sylas Jennaroy,sjennaroyi8@purevolume.com,22 South Court,Aurora,United States,80045
39528-19971-OR,Wren Place,wplacei9@wsj.com,9 Artisan Avenue,Sunnyvale,United States,94089
10248-53779-DT,Hewitt Jarret,NULL,88563 Veith Circle,Manorhamilton,Ireland,H16
93417-12322-YB,Dollie Gadsden,dgadsdenib@google.com.hk,70 Ludington Terrace,Cluain Meala,Ireland,E91
56891-86662-UY,Val Wakelin,vwakelinic@unesco.org,2003 Muir Lane,Lansing,United States,48930
40414-26467-VE,Annie Campsall,acampsallid@zimbio.com,52003 Burning Wood Plaza,Houston,United States,77281
87858-83734-RK,Shermy Moseby,smosebyie@stanford.edu,463 Mandrake Terrace,Murfreesboro,United States,37131
46818-20198-GB,Corrie Wass,cwassif@prweb.com,9978 Monterey Crossing,Charleston,United States,25362
29808-89098-XD,Ira Sjostrom,isjostromig@pbs.org,68502 Stoughton Court,Erie,United States,16534
71845-97930-ME,Helli Load,hloadih@weibo.com,7062 Hollow Ridge Alley,Jackson,United States,39204
78786-77449-RQ,Jermaine Branchett,jbranchettii@bravesites.com,55287 Atwood Alley,Lubbock,United States,79491
27878-42224-QF,Nissie Rudland,nrudlandij@blogs.com,60371 Doe Crossing Place,Gorey,Ireland,Y25
32743-78448-KT,Janella Millett,jmillettik@addtoany.com,3 Novick Alley,Durham,United States,27717
25331-13794-SB,Ferdie Tourry,ftourryil@google.de,9422 Forest Dale Circle,Florence,United States,29505
55864-37682-GQ,Cecil Weatherall,cweatherallim@toplist.cz,218 5th Plaza,Syracuse,United States,13205
97005-25609-CQ,Gale Heindrick,gheindrickin@usda.gov,37 Schiller Place,Lawrenceville,United States,30245
94058-95794-IJ,Layne Imason,limasonio@discuz.net,9 Village Green Parkway,Houston,United States,77070
40214-03678-GU,Hazel Saill,hsaillip@odnoklassniki.ru,3186 Bay Lane,Kansas City,United States,66160
04921-85445-SL,Hermann Larvor,hlarvoriq@last.fm,65129 Becker Drive,Bradenton,United States,34282
53386-94266-LJ,Terri Lyford,NULL,00 Buell Avenue,Allentown,United States,18105
49480-85909-DG,Gabey Cogan,NULL,05001 Continental Crossing,Hampton,United States,23663
18293-78136-MN,Charin Penwarden,cpenwardenit@mlb.com,1 Nobel Terrace,Whitegate,Ireland,D15
84641-67384-TD,Milty Middis,mmiddisiu@dmoz.org,8 Schiller Point,Wichita,United States,67260
72320-29738-EB,Adrianne Vairow,avairowiv@studiopress.com,73486 Cardinal Terrace,Thorpe,United Kingdom,BD23
47355-97488-XS,Anjanette Goldie,agoldieiw@goo.gl,3729 Susan Drive,Danbury,United States,6816
63499-24884-PP,Nicky Ayris,nayrisix@t-online.de,7 Reinke Circle,Kinloch,United Kingdom,PH43
39193-51770-FM,Laryssa Benediktovich,lbenediktovichiy@wunderground.com,5 Prairieview Drive,Jacksonville,United States,32209
61323-91967-GG,Theo Jacobovitz,tjacobovitziz@cbc.ca,21597 Bonner Pass,Houston,United States,77299
90123-01967-KS,Becca Ableson,NULL,69493 Hanson Place,Portland,United States,97255
15958-25089-OS,Jeno Druitt,jdruittj1@feedburner.com,1726 1st Drive,Pasadena,United States,91186
98430-37820-UV,Deonne Shortall,dshortallj2@wikipedia.org,0 Kropf Lane,Santa Ana,United States,92725
21798-04171-XC,Wilton Cottier,wcottierj3@cafepress.com,341 Oak Point,San Jose,United States,95160
52798-46508-HP,Kevan Grinsted,kgrinstedj4@google.com.br,3 Kennedy Plaza,Tallaght,Ireland,D24
46478-42970-EM,Dionne Skyner,dskynerj5@hubpages.com,39 Kings Junction,Colorado Springs,United States,80935
00246-15080-LE,Francesco Dressel,NULL,1 Fulton Road,Toledo,United States,43605
09357-10966-VA,Paola Normanvill,pnormanvillj7@biblegateway.com,904 Butternut Alley,Boynton Beach,United States,33436
26295-44907-DK,Ambrosio Weinmann,aweinmannj8@shinystat.com,8 Waywood Alley,Cincinnati,United States,45999
95351-96177-QV,Elden Andriessen,eandriessenj9@europa.eu,64390 Sommers Road,Saint Louis,United States,63121
92204-96636-BS,Roxie Deaconson,rdeaconsonja@archive.org,70166 Marcy Center,Yonkers,United States,10705
03010-30348-UA,Davida Caro,dcarojb@twitter.com,476 Hoepker Place,Baltimore,United States,21290
13441-34686-SW,Johna Bluck,jbluckjc@imageshack.us,8387 Del Sol Drive,Jacksonville,United States,32230
96612-41722-VJ,Myrle Dearden,NULL,06 Scoville Alley,Bayside,Ireland,D13
94091-86957-HX,Jimmy Dymoke,jdymokeje@prnewswire.com,8424 Milwaukee Court,Beaumont,Ireland,D17
25504-41681-WA,Orland Tadman,otadmanjf@ft.com,94 John Wall Terrace,Miami,United States,33196
75443-07820-DZ,Barrett Gudde,bguddejg@dailymotion.com,1 Buhler Trail,San Francisco,United States,94121
39276-95489-XV,Nathan Sictornes,nsictornesjh@buzzfeed.com,26 Little Fleur Trail,Sandyford,Ireland,D04
61437-83623-PZ,Vivyan Dunning,vdunningji@independent.co.uk,9681 Dapin Center,Punta Gorda,United States,33982
34317-87258-HQ,Doralin Baison,NULL,9 Dayton Park,Ballivor,Ireland,D17
18570-80998-ZS,Josefina Ferens,NULL,51 Bluejay Point,New York City,United States,10125
66580-33745-OQ,Shelley Gehring,sgehringjl@gnu.org,663 Westend Hill,Spartanburg,United States,29305
19820-29285-FD,Barrie Fallowes,bfallowesjm@purevolume.com,1768 Hoepker Place,Bakersfield,United States,93305
11349-55147-SN,Nicolas Aiton,NULL,4 Colorado Center,Dungarvan,Ireland,T56
21141-12455-VB,Shelli De Banke,sdejo@newsvine.com,290 Ridgeview Way,Saint Louis,United States,63169
71003-85639-HB,Lyell Murch,NULL,18 Darwin Park,Fort Wayne,United States,46896
58443-95866-YO,Stearne Count,scountjq@nba.com,31 Holy Cross Lane,Young America,United States,55564
89646-21249-OH,Selia Ragles,sraglesjr@blogtalkradio.com,214 Dwight Hill,Fort Smith,United States,72905
64988-20636-XQ,Silas Deehan,NULL,77 Sycamore Pass,Charlton,United Kingdom,OX12
34704-83143-KS,Sacha Bruun,sbruunjt@blogtalkradio.com,44 Northview Lane,Stockton,United States,95210
67388-17544-XX,Alon Pllu,aplluju@dagondesign.com,043 American Circle,Navan,Ireland,D11
69411-48470-ID,Gilberto Cornier,gcornierjv@techcrunch.com,39353 Northview Avenue,Tampa,United States,33686
20077-67239-EC,Selestina Greedyer,sgreedyerjw@parallels.com,9707 Leroy Junction,Castlebellingham,Ireland,Y34
97741-98924-KT,Willabella Harvison,wharvisonjx@gizmodo.com,0 Sachs Way,Philadelphia,United States,19104
79857-78167-KO,Darice Heaford,dheafordjy@twitpic.com,43 Grasskamp Junction,San Angelo,United States,76905
46963-10322-ZA,Granger Fantham,gfanthamjz@hexun.com,46555 Graceland Court,Los Angeles,United States,90035
93812-74772-MV,Reynolds Crookshanks,rcrookshanksk0@unc.edu,52495 Pawling Place,Lansing,United States,48912
48203-23480-UB,Niels Leake,nleakek1@cmu.edu,1138 Vermont Alley,Clearwater,United States,34615
60357-65386-RD,Hetti Measures,NULL,3287 Corry Plaza,Whittier,United States,90605
35099-13971-JI,Gay Eilhersen,geilhersenk3@networksolutions.com,60707 Hallows Point,Fresno,United States,93773
01304-59807-OB,Nico Hubert,NULL,027 Village Avenue,New York City,United States,10155
50705-17295-NK,Cristina Aleixo,caleixok5@globo.com,9 Lindbergh Center,Colorado Springs,United States,80935
77657-61366-FY,Derrek Allpress,NULL,66 Lakeland Trail,Long Beach,United States,90831
57192-13428-PL,Rikki Tomkowicz,rtomkowiczk7@bravesites.com,76 Larry Junction,Lusk,Ireland,K45
24891-77957-LU,Rochette Huscroft,rhuscroftk8@jimdo.com,6111 Bobwhite Way,Reno,United States,89510
64896-18468-BT,Selle Scurrer,sscurrerk9@flavors.me,99 Mariners Cove Trail,Upton,United Kingdom,DN21
84761-40784-SV,Andie Rudram,arudramka@prnewswire.com,5600 Bultman Court,Las Vegas,United States,89155
20236-42322-CM,Leta Clarricoates,NULL,12504 Westport Hill,Wilmington,United States,19805
49671-11547-WG,Jacquelyn Maha,jmahakc@cyberchimps.com,604 Hintze Place,Reno,United States,89550
57976-33535-WK,Glory Clemon,gclemonkd@networksolutions.com,5 Pleasure Point,Tuscaloosa,United States,35487
55915-19477-MK,Alica Kift,NULL,4214 Amoth Avenue,Garden Grove,United States,92645
28121-11641-UA,Babb Pollins,bpollinskf@shinystat.com,76 Ilene Way,Shawnee Mission,United States,66225
09540-70637-EV,Jarret Toye,jtoyekg@pinterest.com,89789 Sachtjen Hill,Ballivor,Ireland,D17
17775-77072-PP,Carlie Linskill,clinskillkh@sphinn.com,05296 Debra Alley,Cincinnati,United States,45228
90392-73338-BC,Natal Vigrass,nvigrasski@ezinearticles.com,1375 Parkside Junction,Whitwell,United Kingdom,DL10
94278-27169-QC,Burlie Issac,NULL,3 Tennessee Lane,Portland,United States,97296
10725-45724-CO,Kandace Cragell,kcragellkk@google.com,772 Buhler Point,Dungarvan,Ireland,T56
87242-18006-IR,Lyon Ibert,libertkl@huffingtonpost.com,623 Paget Crossing,Sunnyvale,United States,94089
36572-91896-PP,Reese Lidgey,rlidgeykm@vimeo.com,22 Northwestern Alley,Memphis,United States,38188
25181-97933-UX,Tersina Castagne,tcastagnekn@wikia.com,403 Mifflin Pass,Orlando,United States,32868
55374-03175-IA,Samuele Klaaassen,NULL,52 2nd Road,Detroit,United States,48232
76948-43532-JS,Jordana Halden,jhaldenkp@comcast.net,70 Oriole Lane,Clones,Ireland,H23
24344-88599-PP,Hussein Olliff,holliffkq@sciencedirect.com,251 Shoshone Terrace,Stradbally,Ireland,Y34
54462-58311-YF,Teddi Quadri,tquadrikr@opensource.org,35 Meadow Vale Circle,Ballina,Ireland,F26
90767-92589-LV,Felita Eshmade,feshmadeks@umn.edu,08 Shopko Park,Richmond,United States,23203
27517-43747-YD,Melodie OIlier,moilierkt@paginegialle.it,146 Waxwing Point,Glasnevin,Ireland,D11
77828-66867-KH,Hazel Iacopini,NULL,7594 Hollow Ridge Road,Fort Worth,United States,76178
41054-59693-XE,Vinny Shoebotham,vshoebothamkv@redcross.org,93569 Hintze Way,Brooklyn,United States,11254
26314-66792-VP,Bran Sterke,bsterkekw@biblegateway.com,0066 Hanover Avenue,Fort Worth,United States,76198
69410-04668-MA,Simone Capon,scaponkx@craigslist.org,0616 Utah Parkway,Phoenix,United States,85053
91950-91273-JT,Philomena Traite,ptraiteky@huffingtonpost.com,75 Saint Paul Junction,Washington,United States,20470
24972-55878-KX,Foster Constance,fconstancekz@ifeng.com,2236 Mitchell Trail,Dallas,United States,75287
46296-42617-OQ,Fernando Sulman,fsulmanl0@washington.edu,45 Village Terrace,Asheville,United States,28805
44494-89923-UW,Dorotea Hollyman,dhollymanl1@ibm.com,46861 Esker Avenue,Billings,United States,59112
11621-09964-ID,Lorelei Nardoni,lnardonil2@hao123.com,77724 Roxbury Road,Saint Louis,United States,63126
76319-80715-II,Dallas Yarham,dyarhaml3@moonfruit.com,689 8th Hill,Independence,United States,64054
91654-79216-IC,Arlana Ferrea,aferreal4@wikia.com,5299 Springs Park,Greensboro,United States,27404
56450-21890-HK,Chuck Kendrick,ckendrickl5@webnode.com,74028 Hansons Crossing,Monroe,United States,71213
40600-58915-WZ,Sharona Danilchik,sdanilchikl6@mit.edu,273 Nelson Parkway,Halton,United Kingdom,LS9
66527-94478-PB,Sarajane Potter,NULL,5 Hermina Drive,Fort Worth,United States,76129
77154-45038-IH,Bobby Folomkin,bfolomkinl8@yolasite.com,2676 Alpine Lane,Fargo,United States,58122
08439-55669-AI,Rafferty Pursglove,rpursglovel9@biblegateway.com,4 Buena Vista Circle,Garland,United States,75044
81059-24087-UE,Riva De Micoli,rdela@usa.gov,62449 Manitowish Point,Columbus,United States,43231
46168-23489-RD,Antoine Taunton.,atauntonlb@bing.com,42 Melrose Parkway,Austin,United States,78737
11664-43119-GV,Krishnah Incogna,NULL,948 Graedel Place,Montgomery,United States,36104
91509-62250-GN,Dalia Eburah,deburahld@google.co.jp,23 Summerview Place,Birmingham,United Kingdom,B12
83833-46106-ZC,Martie Brimilcombe,mbrimilcombele@cnn.com,2260 Kinsman Junction,Springfield,United States,22156
19383-33606-PW,Suzanna Bollam,sbollamlf@list-manage.com,5 Buhler Center,Littleton,United States,80126
67052-76184-CB,Mellisa Mebes,NULL,803 Crest Line Parkway,Baltimore,United States,21275
43452-18035-DH,Alva Filipczak,afilipczaklh@ning.com,4847 Vera Crossing,Moycullen,Ireland,A41
88060-50676-MV,Dorette Hinemoor,NULL,121 Union Point,Fort Lauderdale,United States,33345
89574-96203-EP,Rhetta Elnaugh,relnaughlj@comsenz.com,48 Randy Street,San Diego,United States,92191
12607-75113-UV,Jule Deehan,jdeehanlk@about.me,11217 Maywood Terrace,Dallas,United States,75216
56991-05510-PR,Janella Eden,jedenll@e-recht24.de,613 Merrick Way,Joliet,United States,60435
35463-72088-KU,Devora Maton,dmatonlm@utexas.edu,77 Butternut Park,Grand Rapids,United States,49510
33269-10023-CO,Ugo Southerden,usoutherdenln@hao123.com,63 Holmberg Avenue,Clearwater,United States,34620
31245-81098-PJ,Verne Dunkerley,NULL,5770 Crest Line Place,Minneapolis,United States,55441
08946-56610-IH,Lacee Burtenshaw,lburtenshawlp@shinystat.com,8 Prentice Way,Lawrenceville,United States,30045
20260-32948-EB,Adorne Gregoratti,agregorattilq@vistaprint.com,27208 Maple Avenue,Malahide,Ireland,K36
31613-41626-KX,Chris Croster,ccrosterlr@gov.uk,9 Brickson Park Street,Tampa,United States,33673
75961-20170-RD,Graeme Whitehead,gwhiteheadls@hp.com,39 Pawling Place,Nashville,United States,37240
72524-06410-KD,Haslett Jodrelle,hjodrellelt@samsung.com,9 Macpherson Avenue,Miami,United States,33175
01841-48191-NL,Cam Jewster,cjewsterlu@moonfruit.com,24010 Sunnyside Drive,Dayton,United States,45426
98918-34330-GY,Beryl Osborn,NULL,71 Donald Trail,Chicago,United States,60686
51497-50894-WU,Kaela Nottram,knottramlw@odnoklassniki.ru,5 Moulton Court,Arklow,Ireland,Y14
98636-90072-YE,Nobe Buney,nbuneylx@jugem.jp,7 Anzinger Parkway,Richmond,United States,94807
47011-57815-HJ,Silvan McShea,smcshealy@photobucket.com,017 Loeprich Trail,Olympia,United States,98506
61253-98356-VD,Karylin Huddart,khuddartlz@about.com,831 Meadow Valley Way,Arlington,United States,76011
96762-10814-DA,Jereme Gippes,jgippesm0@cloudflare.com,47392 Spenser Trail,Twyford,United Kingdom,LE14
63112-10870-LC,Lukas Whittlesee,lwhittleseem1@e-recht24.de,720 Victoria Parkway,Roanoke,United States,24009
21403-49423-PD,Gregorius Trengrove,gtrengrovem2@elpais.com,0862 Farwell Avenue,New Hyde Park,United States,11044
29581-13303-VB,Wright Caldero,wcalderom3@stumbleupon.com,5933 Graceland Way,Anaheim,United States,92825
86110-83695-YS,Merell Zanazzi,NULL,4 Memorial Place,Lexington,United States,40596
80454-42225-FT,Jed Kennicott,jkennicottm5@yahoo.co.jp,2 Holy Cross Pass,Tampa,United States,33673
29129-60664-KO,Guenevere Ruggen,gruggenm6@nymag.com,67 Mendota Hill,San Jose,United States,95138
63025-62939-AN,Gonzales Cicculi,NULL,63861 Bunting Road,Washington,United States,20470
49012-12987-QT,Man Fright,mfrightm8@harvard.edu,27242 Fordem Crossing,Daingean,Ireland,E91
50924-94200-SQ,Boyce Tarte,btartem9@aol.com,084 Reindahl Park,Olympia,United States,98506
15673-18812-IU,Caddric Krzysztofiak,ckrzysztofiakma@skyrock.com,6 Dayton Alley,Mesquite,United States,75185
52151-75971-YY,Darn Penquet,dpenquetmb@diigo.com,19199 Mariners Cove Avenue,Sacramento,United States,94207
19413-02045-CG,Jammie Cloke,NULL,844 Lawn Drive,Newton,United Kingdom,NG34
98185-92775-KT,Chester Clowton,NULL,15196 Pleasure Court,Monticello,United States,55590
86991-53901-AT,Kathleen Diable,NULL,81 Arapahoe Circle,Kinloch,United Kingdom,PH43
78226-97287-JI,Koren Ferretti,kferrettimf@huffingtonpost.com,372 Northland Street,Balrothery,Ireland,K32
44938-31785-YZ,Agretha Melland,amellandmg@pen.io,5424 Beilfuss Court,Jamaica,United States,11499
40560-18556-YE,Chaddie Bennie,NULL,935 Lawn Circle,El Paso,United States,79934
40780-22081-LX,Alberta Balsdone,abalsdonemi@toplist.cz,3 Kings Plaza,Largo,United States,34643
01603-43789-TN,Brice Romera,bromeramj@list-manage.com,2311 Eastlawn Plaza,Foxrock,Ireland,D04
45009-09239-IV,Micky Glover,mglovermk@cnbc.com,95 Grasskamp Point,Burnside,United Kingdom,EH52
75419-92838-TI,Conchita Bryde,cbrydeml@tuttocitta.it,74 Crowley Plaza,Oklahoma City,United States,73179
96516-97464-MF,Silvanus Enefer,senefermm@blog.com,52 Carey Plaza,Washington,United States,20051
90285-56295-PO,Lenci Haggerstone,lhaggerstonemn@independent.co.uk,52441 Evergreen Lane,Atlanta,United States,30351
08100-71102-HQ,Marvin Gundry,mgundrymo@omniture.com,4 Harper Avenue,Castlebridge,Ireland,R14
84074-28110-OV,Bayard Wellan,bwellanmp@cafepress.com,7203 Main Crossing,Buffalo,United States,14276
27930-59250-JT,Allis Wilmore,NULL,94 Moulton Street,Houston,United States,77260
12747-63766-EU,Caddric Atcheson,catchesonmr@xinhuanet.com,1 Hovde Pass,Washington,United States,20470
83490-88357-LJ,Eustace Stenton,estentonms@google.it,8472 Graedel Circle,Austin,United States,78764
53729-30320-XZ,Ericka Tripp,etrippmt@wp.com,4 4th Pass,Mesa,United States,85205
50384-52703-LA,Lyndsey MacManus,lmacmanusmu@imdb.com,9 Springs Crossing,Savannah,United States,31416
53864-36201-FG,Tess Benediktovich,tbenediktovichmv@ebay.com,1068 Sutherland Plaza,Albuquerque,United States,87140
70631-33225-MZ,Correy Bourner,cbournermw@chronoengine.com,6058 Lunder Junction,Charlotte,United States,28299
78661-52235-WG,Uta Kohring,ukohringmx@seattletimes.com,3 Loftsgordon Plaza,San Diego,United States,92191
08023-52962-ET,Kandy Heddan,kheddanmy@icq.com,6234 Heath Court,Pensacola,United States,32575
41899-00283-VK,Ibby Charters,ichartersmz@abc.net.au,9435 Troy Circle,Washington,United States,20470
39011-18412-GR,Adora Roubert,aroubertn0@tmall.com,27591 Michigan Place,Port Saint Lucie,United States,34985
60255-12579-PZ,Hillel Mairs,hmairsn1@so-net.ne.jp,325 Forest Run Crossing,Huntington,United States,25705
80541-38332-BP,Helaina Rainforth,hrainforthn2@blog.com,132 New Castle Drive,Philadelphia,United States,19172
54798-14109-HC,Odelia Skerme,oskermen3@hatena.ne.jp,4 Tony Circle,Oklahoma City,United States,73167
72778-50968-UQ,Isac Jesper,ijespern4@theglobeandmail.com,810 Sage Court,Naples,United States,34114
23941-30203-MO,Lenette Dwerryhouse,ldwerryhousen5@gravatar.com,2 Wayridge Court,Fort Worth,United States,76105
96434-50068-DZ,Nadeen Broomer,nbroomern6@examiner.com,51 Straubel Terrace,Omaha,United States,68117
11729-74102-XB,Konstantine Thoumasson,kthoumassonn7@bloglovin.com,342 North Lane,Tucson,United States,85732
88116-12604-TE,Frans Habbergham,fhabberghamn8@discovery.com,76 Fallview Crossing,Sparks,United States,89436
86783-78048-GC,Margarette Woolham,mwoolhamn9@nature.com,5 Sunnyside Drive,Orlando,United States,32835
13082-41034-PD,Romain Avrashin,ravrashinna@tamu.edu,88 Westerfield Point,Washington,United States,20067
18082-74419-QH,Miran Doidge,mdoidgenb@etsy.com,94 Del Mar Lane,Salinas,United States,93907
49401-45041-ZU,Janeva Edinboro,jedinboronc@reverbnation.com,24 Bowman Point,Fort Lauderdale,United States,33345
41252-45992-VS,Trumaine Tewelson,ttewelsonnd@cdbaby.com,903 Scoville Court,El Paso,United States,88553
06624-75300-AR,Niles Krimmer,nkrimmerne@bbb.org,0401 Bashford Avenue,Glendale,United States,91210
00852-54571-WP,De Drewitt,ddrewittnf@mapquest.com,6 Tomscot Hill,Alexandria,United States,22313
13321-57602-GK,Adelheid Gladhill,agladhillng@stanford.edu,36 Atwood Plaza,Baltimore,United States,21290
75006-89922-VW,Murielle Lorinez,mlorineznh@whitehouse.gov,029 Bluejay Circle,Evansville,United States,47732
52098-80103-FD,Edin Mathe,NULL,49261 Merry Crossing,Lawrenceville,United States,30045
60121-12432-VU,Mordy Van Der Vlies,mvannj@wikipedia.org,297 Fulton Way,Mobile,United States,36670
68346-14810-UA,Spencer Wastell,NULL,80 Oak Alley,Midland,United States,79705
48464-99723-HK,Jemimah Ethelston,jethelstonnl@creativecommons.org,676 Mcbride Lane,Hollywood,United States,33023
39652-20484-RV,Bobbe Jevon,bjevonnm@feedburner.com,66 Roth Center,Topeka,United States,66611
88420-46464-XE,Perice Eberz,peberznn@woothemes.com,490 Elmside Court,Chico,United States,95973
37762-09530-MP,Bear Gaish,bgaishno@altervista.org,0010 Dayton Crossing,Austin,United States,78737
47268-50127-XY,Lynnea Danton,ldantonnp@miitbeian.gov.cn,111 Mosinee Alley,El Paso,United States,88546
25544-84179-QC,Skipton Morrall,smorrallnq@answers.com,52731 Fair Oaks Way,Charleston,United States,25326
32058-76765-ZL,Devan Crownshaw,dcrownshawnr@photobucket.com,25669 Spohn Plaza,Allentown,United States,18105
67938-81768-NX,Kriste Wessel,kwesselns@wikispaces.com,2664 Karstens Court,London,United Kingdom,W1F
69171-65646-UC,Joceline Reddoch,jreddochnt@sun.com,79075 Helena Road,Largo,United States,34643
22503-52799-MI,Shelley Titley,stitleynu@whitehouse.gov,8279 Old Gate Lane,Fargo,United States,58122
08934-65581-ZI,Redd Simao,rsimaonv@simplemachines.org,37 Ridgeway Street,Fort Smith,United States,72905
15764-22559-ZT,Cece Inker,NULL,67 Annamark Street,Lakeland,United States,33811
87519-68847-ZG,Noel Chisholm,nchisholmnx@example.com,85 Calypso Place,Knoxville,United States,37924
78012-56878-UB,Grazia Oats,goatsny@live.com,7552 Dottie Road,Los Angeles,United States,90030
77192-72145-RG,Meade Birkin,mbirkinnz@java.com,218 Elka Trail,Miami,United States,33169
86071-79238-CX,Ronda Pyson,rpysono0@constantcontact.com,850 Jenna Court,Clones,Ireland,H23
13764-02913-LA,Rachele Ebrall,NULL,709 Blackbird Crossing,Chicago,United States,60604
11212-69985-ZJ,Rafaela Treacher,rtreachero2@usa.gov,16 Prentice Court,Greystones,Ireland,A63
53893-01719-CL,Bee Fattorini,bfattorinio3@quantcast.com,433 Caliangt Park,Monaghan,Ireland,H18
66028-99867-WJ,Margie Palleske,mpalleskeo4@nyu.edu,30 Dixon Trail,Pompano Beach,United States,33064
62839-56723-CH,Alexina Randals,NULL,713 Hayes Junction,Sacramento,United States,94297
96849-52854-CR,Filip Antcliffe,fantcliffeo6@amazon.co.jp,05 Bobwhite Pass,Clonskeagh,Ireland,D04
19755-55847-VW,Peyter Matignon,pmatignono7@harvard.edu,3162 Arizona Way,Kirkton,United Kingdom,KW10
32900-82606-BO,Claudie Weond,cweondo8@theglobeandmail.com,41 Coolidge Way,Asheville,United States,28805
16809-16936-WF,Modesty MacConnechie,mmacconnechieo9@reuters.com,526 Onsgard Park,Charleston,United States,25362
20118-28138-QD,Jaquenette Skentelbery,jskentelberyoa@paypal.com,90235 Holy Cross Parkway,Houston,United States,77281
84057-45461-AH,Orazio Comber,ocomberob@goo.gl,725 Autumn Leaf Place,Confey,Ireland,A86
66934-67426-WC,Domini Bram,dbramoc@ifeng.com,7528 Luster Court,Washington,United States,20575
90882-88130-KQ,Zachary Tramel,ztramelod@netlog.com,28834 Wayridge Lane,Newark,United States,7195
21617-79890-DD,Izaak Primak,NULL,55 Buhler Pass,Seattle,United States,98195
20256-54689-LO,Brittani Thoresbie,NULL,643 Logan Plaza,Englewood,United States,80150
17572-27091-AA,Constanta Hatfull,chatfullog@ebay.com,2 Nelson Alley,Rockford,United States,61105
82300-88786-UE,Bobbe Castagneto,NULL,5 Moose Terrace,Billings,United States,59112
32562-55185-DQ,Chastity Swatman,cswatmanoi@cbslocal.com,4 Eastwood Alley,Atlanta,United States,31165
77175-09826-SF,Lindon Agnolo,lagnolooj@pinterest.com,82499 Mallard Lane,Tulsa,United States,74108
07237-32539-NB,Delainey Kiddy,dkiddyok@fda.gov,66184 Melby Avenue,Fresno,United States,93704
54722-76431-EX,Helli Petroulis,hpetroulisol@state.tx.us,56 Hollow Ridge Circle,Mullagh,Ireland,V31
67847-82662-TE,Marty Scholl,mschollom@taobao.com,59992 Canary Crossing,San Francisco,United States,94154
51114-51191-EW,Kienan Ferson,kfersonon@g.co,72997 Annamark Plaza,Mobile,United States,36689
91809-58808-TV,Blake Kelloway,bkellowayoo@omniture.com,7351 Sloan Pass,San Francisco,United States,94110
84996-26826-DK,Scarlett Oliffe,soliffeop@yellowbook.com,1866 Ohio Point,Jamaica,United States,11470
65732-22589-OW,Kippie Marrison,kmarrisonoq@dropbox.com,84 Sutherland Alley,Denver,United States,80243
93676-95250-XJ,Celestia Dolohunty,cdolohuntyor@dailymail.co.uk,836 Towne Court,San Diego,United States,92165
28300-14355-GF,Patsy Vasilenko,pvasilenkoos@addtoany.com,56 Ridge Oak Point,Preston,United Kingdom,PR1
91190-84826-IQ,Raphaela Schankelborg,rschankelborgot@ameblo.jp,528 Debs Terrace,Pittsburgh,United States,15250
34570-99384-AF,Sharity Wickens,NULL,5873 Lake View Parkway,Cavan,Ireland,H12
57808-90533-UE,Derick Snow,NULL,813 La Follette Place,New York City,United States,10004
76060-30540-LB,Baxy Cargen,bcargenow@geocities.jp,58 Carpenter Pass,Seattle,United States,98148
76730-63769-ND,Ryann Stickler,rsticklerox@printfriendly.com,471 Sage Center,Birmingham,United Kingdom,B40
96042-27290-EQ,Daryn Cassius,NULL,19 Ridgeway Road,Battle Creek,United States,49018
06062-66586-TK,Bud Danett,bdanettoz@kickstarter.com,3 Dennis Road,Edgeworthstown,Ireland,E25
51940-02669-OR,Skelly Dolohunty,NULL,34010 Kensington Trail,Ballymun,Ireland,D11
99144-98314-GN,Drake Jevon,djevonp1@ibm.com,27430 Fairfield Parkway,Houston,United States,77070
16358-63919-CE,Hall Ranner,hrannerp2@omniture.com,51 Sunfield Crossing,Cincinnati,United States,45249
67743-54817-UT,Berkly Imrie,bimriep3@addtoany.com,1815 Annamark Way,Fresno,United States,93704
44601-51441-BH,Dorey Sopper,dsopperp4@eventbrite.com,0244 Northfield Place,Saint Paul,United States,55123
97201-58870-WB,Darcy Lochran,NULL,7464 Nobel Way,El Paso,United States,88519
19849-12926-QF,Lauritz Ledgley,lledgleyp6@de.vu,99138 Waywood Junction,Des Moines,United States,50981
40535-56770-UM,Tawnya Menary,tmenaryp7@phoca.cz,5546 Kensington Hill,Portland,United States,97240
74940-09646-MU,Gustaf Ciccotti,gciccottip8@so-net.ne.jp,94417 Boyd Trail,Houston,United States,77070
06623-54610-HC,Bobbe Renner,NULL,9 Westerfield Place,Durham,United States,27705
89490-75361-AF,Wilton Jallin,wjallinpa@pcworld.com,6511 Haas Road,Boston,United States,2298
94526-79230-GZ,Mindy Bogey,mbogeypb@thetimes.co.uk,7791 Westend Point,Washington,United States,20226
58559-08254-UY,Paulie Fonzone,NULL,596 Manufacturers Alley,Albany,United States,12205
88574-37083-WX,Merrile Cobbledick,mcobbledickpd@ucsd.edu,949 Nobel Plaza,Tucson,United States,85732
67953-79896-AC,Antonius Lewry,alewrype@whitehouse.gov,86 Pine View Pass,Montgomery,United States,36195
69207-93422-CQ,Isis Hessel,ihesselpf@ox.ac.uk,2900 Pennsylvania Court,Fairbanks,United States,99709
56060-17602-RG,Harland Trematick,NULL,1235 Shopko Point,Monasterevin,Ireland,W34
46859-14212-FI,Chloris Sorrell,csorrellph@amazon.com,5 Scott Lane,Norton,United Kingdom,S8
11513-19816-IJ,Odette Tocque,otocquepi@abc.net.au,731 Anzinger Park,Clearwater,United States,34615
33555-01585-RP,Quintina Heavyside,qheavysidepj@unc.edu,7995 Macpherson Drive,Lexington,United States,40515
11932-85629-CU,Hadley Reuven,hreuvenpk@whitehouse.gov,227 Burning Wood Drive,Grand Rapids,United States,49560
36192-07175-XC,Mitch Attwool,mattwoolpl@nba.com,6229 Dawn Junction,Des Moines,United States,50369
46242-54946-ZW,Charin Maplethorp,NULL,35 Alpine Circle,Wilmington,United States,19810
95152-82155-VQ,Goldie Wynes,gwynespn@dagondesign.com,5251 Everett Way,Austin,United States,78726
13404-39127-WQ,Celie MacCourt,cmaccourtpo@amazon.com,01678 4th Hill,Orlando,United States,32835
00841-75330-ZV,Rori Ollin,NULL,05889 Heath Place,Pasadena,United States,91199
40226-52317-IO,Evy Wilsone,ewilsonepq@eepurl.com,13130 Heffernan Point,Washington,United States,20238
34419-18068-AG,Dolores Duffie,dduffiepr@time.com,3 Jenifer Circle,Portland,United States,97271
51738-61457-RS,Mathilda Matiasek,mmatiasekps@ucoz.ru,30867 Magdeline Way,New York City,United States,10004
86757-52367-ON,Jarred Camillo,jcamillopt@shinystat.com,48965 Mesta Lane,Washington,United States,20404
28158-93383-CK,Kameko Philbrick,kphilbrickpu@cdc.gov,987 Westridge Terrace,Washington,United States,20067
44799-09711-XW,Mallory Shrimpling,NULL,40 Declaration Point,Allentown,United States,18105
53667-91553-LT,Barnett Sillis,bsillispw@istockphoto.com,53 Shasta Plaza,Miami,United States,33169
86579-92122-OC,Brenn Dundredge,NULL,5 Morrow Street,Oklahoma City,United States,73129
01474-63436-TP,Read Cutts,rcuttspy@techcrunch.com,820 Reinke Pass,Rockford,United States,61105
90533-82440-EE,Michale Delves,mdelvespz@nature.com,670 Shoshone Circle,Montgomery,United States,36177
48553-69225-VX,Devland Gritton,dgrittonq0@nydailynews.com,095 Jenna Junction,Pasadena,United States,91117
91240-83405-ZQ,Caitlin Cattermull,ccattermullq1@columbia.edu,1 Gina Street,Chicago,United States,60624
52374-27313-IV,Dell Gut,dgutq2@umich.edu,30506 Bowman Avenue,Houston,United States,77293
14264-41252-SL,Willy Pummery,wpummeryq3@topsy.com,9795 Acker Plaza,Muskegon,United States,49444
35367-50483-AR,Geoffrey Siuda,gsiudaq4@nytimes.com,64284 Pearson Parkway,Washington,United States,20380
69443-77665-QW,Henderson Crowne,hcrowneq5@wufoo.com,706 Eagan Lane,Sallins,Ireland,W91
63411-51758-QC,Vernor Pawsey,vpawseyq6@tiny.cc,883 Eagan Point,Macon,United States,31205
68605-21835-UF,Augustin Waterhouse,awaterhouseq7@istockphoto.com,23530 Lake View Trail,Shreveport,United States,71105
34786-30419-XY,Fanchon Haughian,fhaughianq8@1688.com,2017 Ronald Regan Trail,Tacoma,United States,98405
15456-29250-RU,Jaimie Hatz,NULL,3 Atwood Avenue,El Paso,United States,79934
00886-35803-FG,Edeline Edney,NULL,43 Crest Line Road,Birmingham,United States,35263
31599-82152-AD,Rickie Faltin,rfaltinqb@topsy.com,2 Laurel Drive,Portumna,Ireland,V31
76209-39601-ZR,Gnni Cheeke,gcheekeqc@sitemeter.com,934 Loomis Junction,London,United Kingdom,EC3M
15064-65241-HB,Gwenni Ratt,grattqd@phpbb.com,55 Montana Road,Castlemartyr,Ireland,H71
69215-90789-DL,Johnath Fairebrother,NULL,05 Bluestem Street,Wilmington,United States,19810
04317-46176-TB,Ingamar Eberlein,ieberleinqf@hc360.com,8 Delaware Circle,Harrisburg,United States,17121
04713-57765-KR,Jilly Dreng,jdrengqg@uiuc.edu,0 Cardinal Park,Sallins,Ireland,W91
47723-84396-MT,Jillane Jedrzej,jjedrzejqh@dailymail.co.uk,8 Melby Hill,El Paso,United States,79940
48392-32021-EC,Correy Lampel,clampelqi@jimdo.com,445 Brown Way,Saint Louis,United States,63136
65786-21069-IP,Dulcie Mapowder,dmapowderqj@free.fr,557 Kipling Crossing,Fort Smith,United States,72905
89074-09459-KV,Eward Dearman,edearmanqk@redcross.org,22585 Monument Plaza,Nashville,United States,37245
44330-33172-IT,Dominique Lenard,dlenardql@bizjournals.com,6300 Evergreen Drive,Washington,United States,20088
63349-66809-NF,Lloyd Toffano,ltoffanoqm@tripadvisor.com,31039 Fieldstone Alley,Inglewood,United States,90305
40959-32642-DN,Rhodie Strathern,rstrathernqn@devhub.com,63071 Warner Terrace,Little Rock,United States,72215
77746-08153-PM,Chad Miguel,cmiguelqo@exblog.jp,83 Sauthoff Junction,Hagerstown,United States,21747
49667-96708-JL,Florinda Matusovsky,NULL,2 Moland Court,Albany,United States,12205
24155-79322-EQ,Morly Rocks,mrocksqq@exblog.jp,21 Spenser Court,Crossmolina,Ireland,A98
95342-88311-SF,Yuri Burrells,yburrellsqr@vinaora.com,4 Brickson Park Court,Lexington,United States,40510
69374-08133-RI,Cleopatra Goodrum,cgoodrumqs@goodreads.com,94 Roxbury Road,San Diego,United States,92165
83844-95908-RX,Joey Jefferys,jjefferysqt@blog.com,526 Helena Crossing,Los Angeles,United States,90040
09667-09231-YM,Bearnard Wardell,bwardellqu@adobe.com,57299 Tennessee Hill,Brooklyn,United States,11210
55427-08059-DF,Zeke Walisiak,zwalisiakqv@ucsd.edu,7 Birchwood Street,Booterstown,Ireland,D04
06624-54037-BQ,Wiley Leopold,wleopoldqw@blogspot.com,5 Elmside Terrace,Gainesville,United States,32627
48544-90737-AZ,Chiarra Shalders,cshaldersqx@cisco.com,445 Heath Terrace,Clearwater,United States,34620
79463-01597-FQ,Sharl Southerill,NULL,39 Nelson Pass,Amarillo,United States,79165
27702-50024-XC,Noni Furber,nfurberqz@jugem.jp,565 Sloan Avenue,Fort Worth,United States,76121
57360-46846-NS,Dinah Crutcher,NULL,89147 Northport Trail,Lusk,Ireland,K45
84045-66771-SL,Charlean Keave,ckeaver1@ucoz.com,08019 Fairfield Pass,Pensacola,United States,32575
46885-00260-TL,Sada Roseborough,sroseboroughr2@virginia.edu,779 Memorial Avenue,Tacoma,United States,98405
96446-62142-EN,Clayton Kingwell,ckingwellr3@squarespace.com,947 Burrows Park,Rathnew,Ireland,R35
07756-71018-GU,Kacy Canto,kcantor4@gmpg.org,43 Doe Crossing Center,Fort Wayne,United States,46896
92048-47813-QB,Mab Blakemore,mblakemorer5@nsw.gov.au,70 Crescent Oaks Junction,Amarillo,United States,79105
58408-27638-IB,Dedie Gooderridge,dgooderridger6@lycos.com,181 Londonderry Circle,Washington,United States,20436
28699-16256-XV,Javier Causnett,NULL,511 Rowland Alley,Silver Spring,United States,20910
98476-63654-CG,Demetris Micheli,NULL,33123 Rigney Pass,Madison,United States,53726
55409-07759-YG,Chloette Bernardot,cbernardotr9@wix.com,6672 Cordelia Point,Conroe,United States,77305
06136-65250-PG,Kim Kemery,kkemeryra@t.co,95 Delladonna Parkway,Denton,United States,76205
08405-33165-BS,Fanchette Parlot,fparlotrb@forbes.com,7765 Westridge Lane,Columbus,United States,43231
66070-30559-WI,Ramon Cheak,rcheakrc@tripadvisor.com,23 Paget Point,Bundoran,Ireland,F94
01282-28364-RZ,Koressa O'Geneay,kogeneayrd@utexas.edu,77 Rigney Hill,Aurora,United States,80045
51277-93873-RP,Claudell Ayre,cayrere@symantec.com,5645 Lotheville Crossing,Daytona Beach,United States,32128
84405-83364-DG,Lorianne Kyneton,lkynetonrf@macromedia.com,1926 3rd Center,Seaton,United Kingdom,LE15
83731-53280-YC,Adele McFayden,NULL,28 Darwin Terrace,Wirral,United Kingdom,CH48
03917-13632-KC,Herta Layne,NULL,5495 Talisman Plaza,Saint Louis,United States,63131
98051-37183-SK,Dierdre Scrigmour,dscrigmourri@cnbc.com,018 Luster Pass,Oceanside,United States,92056
48689-81852-DT,Romy Whittlesea,NULL,65 Reinke Point,Chattanooga,United States,37416
70567-65133-CN,Desdemona Eye,NULL,191 Manitowish Crossing,Bagenalstown,Ireland,R21
77869-81373-AY,Margarette Sterland,NULL,5 Kenwood Pass,Philadelphia,United States,19125
38536-98293-JZ,Catharine Scoines,NULL,39192 Glendale Hill,Watergrasshill,Ireland,T56
43014-53743-XK,Jennica Tewelson,jtewelsonrn@samsung.com,4040 Hoard Junction,Dallas,United States,75210
62494-09113-RP,Marguerite Graves,NULL,91413 Scott Way,Fort Smith,United States,72905
10940-42739-ET,Etan Featenby,NULL,885 Toban Plaza,Colorado Springs,United States,80920
64965-78386-MY,Nicolina Jenny,njennyrq@bigcartel.com,6099 American Ash Court,Whittier,United States,90610
77131-58092-GE,Vidovic Antonelli,NULL,3242 Corscot Pass,London,United Kingdom,EC1V
